id,english,description
coin,coin,Metal money
coke,coke,Fuel from coal
cola,cola,A nut containing caffeine
colchicine,colchicine,Chemical used to double plant chromosomes
cold,cold,Low temperature; or an illness
cold-blooded,cold-blooded,Ectothermic (e.g. reptiles)
cold-chain,cold chain,Refrigerated transport system
cold-frame,cold frame,Protecting glass box for plants
cold-storage,cold storage,Storing in a refrigerated space
cold-store,cold store,A refrigerated warehouse
cole-crops,cole crops,Brassica vegetables (e.g. cabbage)
coleoptera,Coleoptera,Beetle order
coleoptile,coleoptile,Protective sheath for young shoots
coleorhiza,coleorhiza,Protective sheath for young roots
colic,colic,Severe abdominal pain
coliform,coliform,E. coli-like bacteria
collagen,collagen,Main structural protein in skin/bone
collar,collar,Harness band on a neck; or a plant part
collect,collect,To gather together
collection,collection,A gathered group
collective,collective,Done by a group
collector,collector,One who gathers material
collenchyma,collenchyma,Supportive plant tissue
colliery,colliery,A coal mine
collision,collision,A crash or impact
colloid,colloid,Fine particles suspended in medium
colloidal,colloidal,Relating to a colloid
collonade,collonade,A row of pillars
colon,colon,Main part of the large intestine
colonial,colonial,Relating to colonies
colonisation,colonisation,Process of colonising
colonise,colonise,To establish a population in a new area
colony,colony,A group of organisms living together
color,color,Hue or pigment (US)
colorado-beetle,Colorado beetle,A major potato pest
colorant,colorant,A dye or pigment
colorize,colorize,To add colour
colostrum,colostrum,First antibody-rich milk after birth
colour,colour,Hue or pigment (UK)
colourant,colourant,A dye or pigment
colouring,colouring,Adding colour
colt,colt,A young uncastrated male horse
coltsfoot,coltsfoot,A perennial weed (Tussilago farfara).
columbine,columbine,A flowering plant (Aquilegia)
column,column,A pillar or vertical row
columnar,columnar,Pillar-shaped
com-prise,com prise,To consist of
coma,coma,State of deep unconsciousness
combine,combine,To join; or a harvesting machine
combine-drill,combine drill,Drill sowing seed and fertiliser together
combine-harvester,combine harvester,Machine that cuts and threshes grain
combining,combining,Harvesting with a combine
combustion,combustion,Burning of fuel
come-back,come back,To return
comedo,comedo,A blackhead skin lesion
comfrey,comfrey,A perennial herb used for fodder/fertiliser
commence,commence,To begin
commensal,commensal,An organism which lives on another plant or animal but does not harm it.
commensalism,commensalism,The state of organisms existing together as commensals.
commerce,commerce,Buying and selling of goods
commercial,commercial,Relating to business or profit
commercial-grain-farming,commercial grain farming,A highly mechanised agricultural system in which large areas are given over to cereal cultivation.
comminute,comminute,To grind into small pieces
commission,commission,A task; or a fee; or a board
commodity,commodity,A raw material or primary product
common,common,Shared; or ordinary; or a public grazing land
common-agricultural-policy,Common Agricultural Policy,A set of regulations and mechanisms agreed between members of the European Union to control farm produce.
common-bent,common bent,A pasture grass (Agrostis capillaris)
common-carp,Common Carp,"A hardy, domesticated freshwater fish valued as food."
common-fumitory,common fumitory,A widespread weed (Fumaria officinalis).
common-land,common land,Land where locals have shared rights
common-market,Common Market,European association (EU precursor)
common-veterinary-entry-document,Common Veterinary Entry Document,EU animal import form
communal,communal,Shared by a community
communal-grazing,communal grazing,Grazing on shared land
community,community,All organisms in an area; or a localized people
compact,compact,Dense or closely packed
compaction,compaction,Compression of soil
companion-plant,companion plant,A plant which improves the growth of nearby plants or reduces pest infestation.
companion-planting,companion planting,Growing different crops together for benefit
company,company,A business organisation
comparative,comparative,Measured by comparison
comparison,comparison,Act of comparing
compartment,compartment,A section or division
compensation,compensation,Money for loss or injury
compensatory-growth,compensatory growth,Growth that occurs after a period of under-feeding when the animal regains lost weight.
compensatory-payment,compensatory payment,Payment to offset loss/cost
compete,compete,To strive against others
competition,competition,Struggle between organisms for resources
competitive,competitive,Involving competition
complement,complement,A full set; or to enhance
complementary,complementary,Enhancing or completing
complementary-feeders,complementary feeders,Animals which feed in a way which does not compete with other animals (e.g. goats and sheep).
completely,completely,Totally or entirely
complex,complex,Complicated or multi-part
complexity,complexity,Quality of being complex
component,component,A part of a whole
compose,compose,To make up or write
compost,compost,Decayed organic matter fertiliser
compost-activator,compost activator,A chemical added to a compost heap to speed up the decomposition.
compostable,compostable,Able to be made into compost
composting,composting,Process of making compost
compound,compound,A mix; or a chemical substance
compound-feed,compound feed,A type of animal feed made up of several different ingredients including vitamins and minerals.
compound-fertiliser,compound fertiliser,A fertiliser that supplies two or more nutrients.
compound-fertilizer,compound fertilizer,Fertiliser with multiple nutrients
compounded-feed,compounded feed,Animal feed mixture
compress,compress,To squeeze or pack tightly
compressed,compressed,Squeezed together
compression,compression,Action of compressing
compression-ignition,compression ignition,Fuel ignition by pressure (diesel)
compression-ratio,compression ratio,Measure of cylinder compression
compulsory-dipping-period,compulsory dipping period,A period of time during which all sheep in the country must be dipped to control parasites.
computer,computer,Electronic data-processing machine
con,con,Prefix meaning together
concave,concave,Inwardly curved
concentrate,concentrate,To focus; or a dense feed/liquid
concentrate-feed,concentrate feed,Dense animal feed (grain/meal)
concentrated,concentrated,Intense or dense
concentrates,concentrates,Animal feedingstuffs with a high nutrient relative to their bulk.
concentration,concentration,Amount of substance in a volume
conception,conception,Onset of pregnancy
conception-rate,conception rate,Percentage of success in mating
conceptus,conceptus,The developing embryo/fetus
concrete,concrete,Hard building material
concretion,concretion,Hard nodule in soil
concurrent,concurrent,Happening at the same time
concussion,concussion,Impact injury (especially to brain)
condemn,condemn,To declare meat unfit for food
condensation,condensation,Gas turning to liquid
condense,condense,To turn from gas to liquid
condensed-milk,condensed milk,Milk with water removed
condenser,condenser,Device for condensing gas
condiment,condiment,Seasoning or sauce
condition,condition,State or situation; health
condition-scoring,condition scoring,"A method of assessing the state of body condition of animals, scores range from 0–5."
conditioner,conditioner,Substance improving state (e.g. soil)
conditioning,conditioning,Improving or preparing state
conduction,conduction,Transfer of heat or electricity
conductivity,conductivity,Ability to conduct
conductor,conductor,Substance that conducts
cone,cone,Seed-bearing organ of a conifer
conifer,conifer,Cone-bearing tree (e.g. pine)
coniferous,coniferous,Relating to conifers
conject,conject,To guess or surmise
conjoint,conjoint,Joined together
conjugate,conjugate,To join in pairs
conjugation,conjugation,Simple sexual reproduction process
conjunctiva,conjunctiva,Membrane lining eyelids
conjunctivitis,conjunctivitis,Inflammation of the conjunctiva
connect,connect,To join or link
connective-tissue,connective tissue,Structural tissue in animals
connexity,connexity,State of being connected
conophor,conophor,A tropical nut tree
conservation,conservation,Protection of natural resources
conservation-agriculture,Conservation agriculture,"A farming system that promotes minimum soil disturbance, maintenance of a permanent soil cover, and diversification of plant species."
conservation-area,conservation area,Protected region
conservation-headland,conservation headland,Field edge left for wildlife
conservation-tillage,conservation tillage,Tilling to reduce erosion
conserve,conserve,To protect or save
consignment,consignment,Goods sent for sale
consolidation,consolidation,Combining or strengthening
consortium,consortium,An association of organisations
consumer,consumer,One who buys or eats
consumer-price-index,consumer price index,Measure of inflation (CPI)
consumption,consumption,The act of using or eating
contact-herbicide,contact herbicide,A substance which kills a plant whose leaves it touches.
contagion,contagion,Spread of disease by contact
contagious,contagious,Spreadable by contact
contagious-abortion,contagious abortion,"Brucellosis, an infectious disease associated with cattle where it results in reduced milk yields."
container,container,Receptacle for holding goods
contaminant,contaminant,Pollutant or impurity
contaminate,contaminate,To pollute or infect
contaminated-land,contaminated land,An area which has been polluted as a result of human activities.
contamination,contamination,State of being polluted
continent,continent,Large land mass
contingent,contingent,Subject to chance or conditions
continuity,continuity,Unbroken state
contour,contour,Line of equal elevation
contour-farming,contour farming,Ploughing across hills to limit erosion
contour-ploughing,contour ploughing,The practice of ploughing across the side of a hill so as to create ridges along the contours.
contraception,contraception,Prevention of pregnancy
contract,contract,A legal agreement
contraction,contraction,Shrinking or shortening
contractor,contractor,Person hired for specific tasks
control,control,Power to direct; or a standard
controlled-application,controlled application,Targeted pesticide use
controlled-atmosphere,controlled atmosphere,Managed storage gas mix
controlled-environment,controlled environment,Managed growing conditions
controlled-grazing,controlled grazing,A system of grazing in which the number of livestock is linked to the pasture available.
conurbation,conurbation,Large urban area
convection,convection,Heat transfer via fluid movement
convenience-foods,convenience foods,Foods which have been prepared so that they are ready to be served after being reheated.
convention,convention,A formal meeting or agreement
conventional,conventional,Traditional or standard
convergent,convergent,Moving towards a point
conversion,conversion,Changing from one form to another
conversion-factor,conversion factor,Ratio for converting units
converter,converter,Device that converts
convex,convex,Outwardly curved
convey,convey,To transport or communicate
conveyor,conveyor,Machine part for moving material
cook,cook,To prepare food with heat
cookie,cookie,A small flat sweet cake
cool,cool,Fairly cold; to lower temperature
coolant,coolant,Fluid used for cooling
cooler,cooler,Device that cools
cooling,cooling,Lowering temperature
cooperative,cooperative,A group of farmers who work together to sell their produce.
copper,copper,A reddish metal element (micronutrient)
copper-deficiency,copper deficiency,Lack of essential copper
coppice,coppice,To cut trees to stumps for regrowth
coppicing,coppicing,Practice of cutting wood for regrowth
copra,copra,Dried coconut meat for oil
coprolite,coprolite,Fossilised dung
coprophagous,coprophagous,Dung-eating
coprophagy,coprophagy,Eating of dung
copse,copse,A small thicket of trees
copulate,copulate,To engage in sexual intercourse
copulation,copulation,Sexual intercourse
copy,copy,A reproduction; to reproduce
cord,cord,A thin rope; or a plant part
cordon,cordon,"A trained fruit tree, whose growth is restricted to the main stem by pruning."
core,core,The central part
coriander,coriander,An aromatic herb and spice
cork,cork,Bark of the cork oak; or a plug
corm,corm,Bulb-like underground stem (crocus)
corn,corn,Cereals; particularly maize (US) or wheat (UK)
corn-cob,corn cob,A seed head of maize.
corn-cockle,corn cockle,A weed of cereals
corn-dolly,corn dolly,A traditional straw ornament
corn-gromwell,corn gromwell,A weed of grain
corn-marigold,corn marigold,A yellow flowered cereal weed
corn-meal,corn meal,Ground maize
corn-milling,corn milling,Grinding grain into flour
corn-mint,corn mint,A mint weed of grain
corn-salad,corn salad,A leafy salad vegetable
corn-spurrey,corn spurrey,A weed of light soils
corn-syrup,corn syrup,Sweetener from maize
cornbrash,cornbrash,A stony loamy soil
corncrake,corncrake,A meadow bird
cornfield,cornfield,A field of grain
cornflakes,cornflakes,Flaked maize cereal
cornflour,cornflour,A type of flour extracted from maize grain.
cornflower,cornflower,A blue weed/flower of cereals
corolla,corolla,The whorl of petals
coronary,coronary,Relating to the heart's arteries
coronary-sinus,coronary sinus,A heart drainage channel
coronet,coronet,Band at the top of a hoof
corpus-luteum,corpus luteum,A temporary endocrine structure in the ovary
correct,correct,To fix; or accurate
corridor,corridor,A passage or wildlife link
corriedale,Corriedale,A New Zealand breed of sheep producing fine wool and meat.
corrode,corrode,To eat away chemically (rust)
corrosion,corrosion,Process of corroding
corrugated,corrugated,Folded into ridges
cortex,cortex,Outer layer of a stem or organ
corticosteroid,corticosteroid,A type of steroid hormone
cortisol,cortisol,A stress hormone
corundum,corundum,A very hard mineral
corymb,corymb,A flat-topped flower cluster
cos,cos,A long-leaved lettuce (romaine)
cosh,cosh,A heavy stick or bar
cost,cost,Price or expense
cost-effective,cost-effective,Giving good value for money
coster,coster,Street seller of fruit (costermonger)
cot,cot,A small shelter or pen
cot-death,cot death,Sudden infant death
cotswold,Cotswold,An English breed of long-wooled sheep
cottage,cottage,A small simple house
cottage-cheese,cottage cheese,Soft lumpy curd cheese
cottage-industry,cottage industry,Small-scale home-based business
cotton,cotton,Fiber from the cotton plant
cotton-belt,cotton belt,Region where cotton is main crop
cotton-cake,cotton cake,Pressed cotton seed animal feed
cotton-gin,cotton gin,Machine separating cotton fiber/seeds
cotton-grass,cotton grass,A marsh plant with white fluff
cotton-wool,cotton wool,Absorbent cotton fiber
cottonseed,cottonseed,Seed of the cotton plant
cottonseed-cake,cottonseed cake,"A residue of cottonseed after extraction of oil, used as feed."
cottonseed-oil,cottonseed oil,Oil from cottonseeds
cotyledon,cotyledon,Embryonic leaf in a seed
couch-grass,couch grass,A persistent grass weed (scutch)
coulter,coulter,Blade of a plough cutting vertically
council,council,A local government body
count,count,Total number; to calculate
counter,counter,A table/surface; or to oppose
counteract,counteract,To oppose or neutralise
countess,countess,A rank of nobility
country,country,A nation; or rural land
countryside,countryside,Rural area external to towns
countryside-management,countryside management,Care of the rural environment
county,county,A local government district
couple,couple,A pair; to join
coupling,coupling,A connecting device
courgette,courgette,"Marrow fruit at a very immature stage, green or yellow in colour. Also called zucchini."
course,course,A path or sequence
coursette,coursette,A small garden
couscous,couscous,Semolina grain food
cousu,cousu,Sewn or stitched
cove,cove,A small sheltered bay
cover,cover,Protection; or to hide
cover-crop,cover crop,Crop grown to protect soil
coverage,coverage,Extent covered
covered,covered,Hidden or protected
covered-bull,covered bull,A bull that has mated
covered-smut,covered smut,A fungal disease affecting oats and barley.
cow,cow,Adult female cattle; to intimidate
cow-calf-operation,cow-calf operation,Farming cows to produce calves
cow-days,cow-days,Measure of pasture productivity
cow-dung,cow dung,Excrement from cattle
cow-dung-manure,Cow Dung Manure,"A natural fertilizer derived from bovine waste, traditionally used to fortify soil in rural villages."
cow-heifer,cow heifer,A young cow having had one calf
cowbane,cowbane,A poisonous marsh herb (water hemlock)
cowberry,cowberry,A small red wild berry
cowboy,cowboy,A cattle herder (US)
cowherd,cowherd,Person who looks after cows
cowhouse,cowhouse,A building for cows
cowparsley,cowparsley,A common white-flowered weed
cowparsnip,cowparsnip,A large leafy weed (hogweed)
cowpea,cowpea,A protein-rich legume (black-eyed pea)
cowpoke,cowpoke,A cowboy (colloquial)
cowpony,cowpony,A horse used for herding cattle
cowpox,cowpox,A viral disease of cow udders
cowshed,cowshed,A building for housing cows
cowslip,cowslip,A yellow spring wild flower
cox-s-orange-pippin,Cox’s Orange Pippin,A high-quality dessert apple
coxa,coxa,The hip joint; or insect leg part
crab,crab,A decapod crustacean
crab-apple,crab apple,Small sour wild apple
crack,crack,A narrow split; to break
cracked,cracked,Broken or split
cracked-grain,cracked grain,Coarsely ground grain
cracker,cracker,A dry biscuit
crackle,crackle,A snapping sound
crackling,crackling,Crispy rind of roast pork
cradge,cradge,A flood bank (dialect)
craft,craft,Skill; or a small vessel
cramp,cramp,Painful muscle contraction
cranberry,cranberry,A sour red berry
crane,crane,A lifting machine; or a tall bird
crane-fly,crane fly,The adult daddy-long-legs (larva is leatherjacket)
cranefly,cranefly,A common pest (Tipula) whose larvae eat away plant roots.
crank,crank,An L-shaped lever or handle
crankcase,crankcase,Housing for an engine crankshaft
cranking,cranking,Turning an engine over
crankshaft,crankshaft,Engine shaft converting reciprocation to rotation
cranny,cranny,A small narrow opening
craonne,craonne,A place or type (context needed)
crash,crash,A violent collision or failure
crassulacean-acid-metabolism,crassulacean acid metabolism,Succulent plant photosynthesis (CAM)
crater,crater,A bowl-shaped hollow
craw,craw,The crop of a bird
crawl,crawl,To move slowly on hands/knees
crawler,crawler,A tracked tractor
crawler-tractor,crawler tractor,A powerful caterpillar tractor used for heavy work.
craziness,craziness,State of being insane
creaking,creaking,A squeaking sound of friction
cream,cream,Fatty part of milk; to remove it
cream-of-tartar,cream of tartar,Potassium bitartrate from grapes
creamery,creamery,A place where milk/butter are processed
creaming,creaming,Rising of cream to the top
crease,crease,A fold or wrinkle
creasing,creasing,Making folds
create,create,To make or invent
creation,creation,The act of making
creature,creature,A living animal
credit,credit,Trust in payment; a loan
credit-control,credit control,Managing customer debt
credit-note,credit note,Document reducing an invoice total
credit-sale,credit sale,Selling for future payment
creek,creek,A small stream or inlet
creep,creep,Enclosure for feeding young animals only
creep-feed,creep feed,Special high-protein feed for young stock
creep-feeding,creep feeding,A process by which a young animal (e.g. calf) is allowed access to concentrates while the adult is not.
creep-grazing,creep grazing,A type of rotational grazing using creep gates to allow lambs access before ewes.
creeping,creeping,Spreading along the ground
creeping-bent,creeping bent,A spreading grass (Agrostis stolonifera)
creeping-buttercup,creeping buttercup,A spreading weed
creeping-soft-grass,creeping soft grass,A spreading perennial grass
creeping-thistle,creeping thistle,A persistent perennial weed
cremains,cremains,Cremated remains
cremation,cremation,Burning a body to ashes
cremators,cremators,Furnaces for cremation
crematory,crematory,A place for cremation
creme,creme,A cream-like substance
crenate,crenate,Having a scalloped edge (of leaves)
crenulate,crenulate,Finely scalloped
creosote,creosote,A wood preservative from coal tar
crepitation,crepitation,A crackling sound in joints or skin
crepuscular,crepuscular,Active at dawn and dusk
cress,cress,A peppery salad leaf
crest,crest,Top of a neck or head; a ridge
crested-dogstail,crested dogstail,A perennial pasture grass
crib,crib,A rack or manger for fodder; a stall
crib-biting,crib-biting,A stable vice of horses
cricket,cricket,A jumping insect; or a sport
cricoid,cricoid,A ring-shaped cartilage in the larynx
crime,crime,An illegal act
crimp,crimp,To condition fresh cut grass by nipping the stems and releasing the sap.
crimped,crimped,Folded or crushed
crimper,crimper,Machine that crushes grain or forage
criss-cross,Criss-Cross,A pattern of crossing lines
criss-cross-breeding,criss-cross breeding,Rotational crossbreeding
criss-cross-inheritance,criss-cross inheritance,Passing traits from one sex to the other
criteria,criteria,Standards for judgment
criterion,criterion,A single standard
critical,critical,Crucial or judgmental
critical-path-analysis,critical path analysis,Planning complex tasks
croak,croak,Cry of a frog or crow
crochet,crochet,Needlework using a hook
crock,crock,An earthen pot; or a sick animal
crocus,crocus,A bulb plant yielding saffron
croft,croft,A small rented farm (Highland)
crofter,crofter,Tenant of a croft
crofting,crofting,Farming on small crofts
crook,crook,Staff used by shepherds
crop,crop,Plant grown for food; or a bird's gullet
crop-breeder,crop breeder,A person who specialises in developing new varieties of crops.
crop-capacity,crop capacity,Productive potential of a crop
crop-circle,crop circle,Mysterious flattened patterns in grain
crop-duster,crop duster,Aircraft spraying crops
crop-dusting,crop dusting,Aerial application of chemicals
crop-edge,crop edge,Border of a field
crop-failure,crop failure,Poor harvest or total loss
crop-forecasting,crop forecasting,Predicting yields
crop-husbandry,crop husbandry,Management of crops
crop-insurance,crop insurance,Protection against crop loss
crop-mark,crop mark,Differential plant growth over ruins
crop-nutrition,crop nutrition,Feeding plants with nutrients
crop-production,crop production,The growing of crops
crop-protection,crop protection,Guarding crops from pests/disease
crop-residue,crop residue,Stems/leaves left after harvest
crop-rotation,crop rotation,A methodical system of changing the types of crops grown in a field to preserve soil health.
crop-sprayer,crop sprayer,Machine applying chemicals
crop-spraying,crop spraying,Application of pesticides/fertilisers
crop-thinning,crop thinning,Removing plants to improve space
crop-year,crop year,A period of twelve months calculated from the sowing of one crop until the next sowing season.
crop-yield,crop yield,Amount harvested per area
croppage,croppage,Area under cultivation
cropping,cropping,The practice of growing crops
cropping-house,cropping house,A greenhouse for production
cropping-intensity,cropping intensity,Number of crops per year
cropping-pattern,cropping pattern,Spatial/temporal crop layout
cropping-sequence,cropping sequence,Order of crops grown
cropping-year,cropping year,Annual cycle of cropping
cross,cross,A mix; or to traverse
cross-compliance,cross compliance,Linking aid to environmental rules
cross-cultivation,cross cultivation,Tilling in two directions
cross-drain,cross-drain,Drain crossing a field or path
cross-flow,cross-flow,Flow perpendicular to main direction
cross-over,cross-over,Point of crossing
cross-pollination,cross-pollination,Transfer of pollen between plants
cross-referencing,cross-referencing,Linking related information
cross-section,cross-section,A slice through something
cross-slope,cross-slope,Slope across a field
crossbar,crossbar,A horizontal connecting bar
crossbow,crossbow,A bow on a stock
crossbred,crossbred,Having been bred from two parents with different characteristics.
crossbreed,crossbreed,An animal from two different breeds
crossbreeding,crossbreeding,Mating different breeds
crossing,crossing,Traversing or mating
crosspollinate,crosspollinate,Pollination between different plants
crossvein,crossvein,Small vein linking larger ones
croupe,croupe,The rump of a horse or cow
croupier,croupier,Person collecting chips (context?)
crow,crow,A black bird (Corvus); to cry like a cock
crowbar,crowbar,Heavy metal prying tool
crown,crown,Top of a plant or tree; to cover
crown-bud,crown bud,A bud at the shoot tip
crown-cork,crown cork,Metal bottle cap
crown-gall,crown gall,A bacterial tumour on roots/stems
crown-land,crown land,Land owned by the monarch
crown-rot,crown rot,A fungal rotting at the plant base
crown-rust,crown rust,"A fungal disease affecting oats, causing the grain to shrivel."
crucial,crucial,Extremely important
crucible,crucible,Container for melting metal
crucifer,crucifer,A cabbage-family plant
cruciferae,Cruciferae,Old family name for Brassicaceae
cruciferous,cruciferous,Relating to the cabbage family
crude,crude,Raw or unprocessed
crude-fiber,crude fiber,Indigestible plant material
crude-fibre,crude fibre,A term used in analysing foodstuffs as a measure of digestibility.
crude-oil,crude oil,Unrefined petroleum
crude-protein,crude protein,Total nitrogenous matter in feed
crumb,crumb,Fine lump of soil; bread piece
crumb-structure,crumb structure,Granular soil arrangement
crumbling,crumbling,Breaking apart
crumbly,crumbly,Easily breaking into crumbs
crunch,crunch,Sound of chewing hard food
crunchy,crunchy,Firm and crackling when eaten
crush,crush,To squeeze or mash; a restraint
crushed,crushed,Mashed or broken
crushed-grain,crushed grain,Grain flattened by rollers
crushed-stone,crushed stone,Small rocks for building
crusher,crusher,Machine that crushes
crust,crust,Hard outer layer
crustacean,crustacean,Shelled aquatic animal (crab/shrimp)
crusting,crusting,Formation of a hard soil surface
cryogenic,cryogenic,Relating to very low temperatures
cryophilous,cryophilous,Referring to a plant that needs a period of cold weather to grow properly.
crypt,crypt,A hidden chamber
cryptogam,cryptogam,Plant reproducing by spores (no seeds)
ctenocephalides,Ctenocephalides,Flea genus
ctf,ctf,Controlled Traffic Farming
cubane,cubane,Chemical molecule (context?)
cube,cube,Geometric block; to dice
cubicle,cubicle,Small individual animal stall
cubicle-housing,cubicle housing,Housing cows in cubicles
cuboid,cuboid,Box-shaped
cuckold,cuckold,Betrayed husband (context?)
cuckoo,cuckoo,A parasitic bird
cuckoo-spit,cuckoo spit,Frothy liquid protecting leafhoppers
cucumber,cucumber,A green salad fruit
cud,cud,Partially digested food for rumination
cuddy,cuddy,A donkey (dialect)
culinary,culinary,Relating to cooking
cull,cull,To remove low-quality animals; to kill
cull-cow,cull cow,Cow removed for slaughter
culling,culling,Removing inferior stock
culling-rate,culling rate,Percentage of stock culled annually
culm,culm,Stem of a grass or cereal
culm-leaf,culm leaf,Leaf growing from a culm
cultivar,cultivar,A cultivated plant variety
cultivatable,cultivatable,Able to be farmed
cultivate,cultivate,To farm land; to grow plants
cultivated,cultivated,Farmed or improved by breeding
cultivated-land,cultivated land,Land used for farming
cultivation,cultivation,The act of farming or tilling
cultivation-depth,cultivation depth,How deep soil is tilled
cultivator,cultivator,Machine for tilling soil
culture,culture,Growing organisms; or a society
culvert,culvert,Pipe/tunnel for a watercourse under a road
cum,cum,Prefix meaning together
cumin,cumin,An aromatic spice
cumulus,cumulus,Fluffy white cloud type
cuniculus,cuniculus,A rabbit burrow
cup,cup,A small container; or a plant part
cupboard,cupboard,Shelved storage cabinet
cupola,cupola,A dome-like structure
cupular,cupular,Cup-shaped
curare,curare,A toxic plant extract
curator,curator,Person in charge of a collection
curb,curb,To restrain; or an edge
curd,curd,Solidified part of soured milk
cure,cure,To heal; or to preserve food
curing,curing,Process of preserving (e.g. hay/meat)
curl,curl,Leaf distortion (disease); a twist
curled,curled,Twisted or distorted
currant,currant,"A small dried seedless black grape, or a small round juicy fruit."
currency,currency,Money system of a country
current,current,Now or flowing
curry,curry,A spicy dish; to groom a horse
curry-comb,curry comb,Metal comb for grooming horses
curtail,curtail,To cut short or limit
curtain,curtain,Fabric hanging; or a screen
curvature,curvature,Amount of bending
curve,curve,A rounded line; to bend
curwen,curwen,A name or type (context?)
cusec,cusec,Cubic feet per second (water flow)
cushion,cushion,A soft pad
custard-apple,custard apple,A tropical fruit (cherimoya)
custom,custom,Tradition or habit; bespoke
custom-made,custom-made,Made to order
customer,customer,A buyer of goods or services
cut,cut,To divide with a blade; to harvest
cut-grass,cut grass,Grass recently mown
cut-off,cut-off,Point of stopping
cutaneous,cutaneous,Relating to the skin
cuticle,cuticle,Waxy outer layer of a leaf; skin
cutlass,cutlass,A short heavy curved sword
cutlet,cutlet,A small slice of meat
cutter,cutter,Machine or person that cuts
cutter-bar,cutter bar,A device on a mower or combine harvester which supports the knife.
cutter-unit,cutter unit,Part of a machine that cuts
cutting,cutting,A plant part used for propagation
cutting-edge,cutting edge,The sharp edge of a blade
cuttlefish,cuttlefish,A marine mollusc with ink
cutworm,Cutworm,The larvae of certain moths that cut down young plants at or below the leaf surface.
cyanide,cyanide,A highly toxic chemical
cyanidin,cyanidin,A red-blue plant pigment
cyanobacteria,cyanobacteria,Photosynthetic blue-green algae
cyanogenetic,cyanogenetic,Producing cyanide (e.g. some clovers)
cyathium,cyathium,A type of flower cluster (spurge)
cybernetics,cybernetics,Science of control and communication
cybrid,cybrid,A cytoplasmic hybrid cell
cyclic,cyclic,Occurring in cycles
cycling,cycling,Normal oestrus repeats
cyclone,cyclone,A rotating wind storm
cyclone-separator,cyclone separator,Device using rotation to separate dust
cylinder,cylinder,A geometric tube; engine part
cylinder-head,cylinder head,Top cover of an engine cylinder
cylinder-mower,cylinder mower,Mower using a rotating cylinder of blades
cyme,cyme,A flat flower cluster with top flower first
cymose,cymose,Relating to a cyme
cynology,cynology,The study of dogs
cyperaceous,cyperaceous,Relating to sedges
cyperus,cyperus,A genus of sedges (e.g. papyrus)
cypress,cypress,A coniferous evergreen tree
cyprian,cyprian,A name or type (context?)
cyst,cyst,A fluid-filled sac or protective egg case
cyst-nematodes,cyst nematodes,Dark brown lemon-shaped cysts which live and breed in the roots of cereals.
cysteine,cysteine,An amino acid
cystitis,cystitis,Inflammation of the bladder
cyto,cyto,Prefix meaning cell
cytochemistry,cytochemistry,Chemistry of cells
cytochrome,cytochrome,A respiratory protein in cells
cytogenesis,cytogenesis,Formation of cells
cytogenetic,cytogenetic,Relating to cell heredity
cytogenetics,cytogenetics,Study of chromosomes and heredity
cytoglycopenia,cytoglycopenia,Low sugar in cells
cytokine,cytokine,Cell signalling protein
cytokinesis,cytokinesis,Division of cell cytoplasm
cytokinin,cytokinin,A plant growth hormone
cytology,cytology,The study of cells
cytolysis,cytolysis,Destruction of a cell
cytoplasm,cytoplasm,The living fluid within a cell
cytoplasmic,cytoplasmic,Relating to cytoplasm
cytoplasmic-inheritance,cytoplasmic inheritance,Inheritance via cell fluid
cytoplasmic-male-sterility,cytoplasmic male sterility,Sterility used in hybrid breeding
cytosine,cytosine,A base in DNA/RNA
cytoskeleton,cytoskeleton,Frame within a cell
cytosol,cytosol,The fluid part of cytoplasm
cytotaxonomy,cytotaxonomy,Classification using cells
cytotoxic,cytotoxic,Toxic to cells
cytotropic,cytotropic,Attracted to cells
d-value,D value,"A measure used to show the quality of a feed, based on the digestibility of its organic matter."
da,DA,An area of land which is extremely poor and difficult to farm.
dab,dab,A marine flatfish; to tap
dacha,dacha,A Russian country house
dactylis,Dactylis,Grass genus (e.g. cocksfoot)
daddy-long-legs,daddy-long-legs,The adult crane fly
daffodil,daffodil,A yellow spring bulb flower
dag,dag,"A tuft of dirty wool round the tail of a sheep, or to remove such wool."
dagger,dagger,A short stabbing knife
daily,daily,Happening every day
dairy,dairy,Relating to milk and milk products; a farm
dairy-breed,dairy breed,Animal breed kept for milk
dairy-bull,dairy bull,A bull from a dairy breed
dairy-cattle,dairy cattle,Cows kept for milk
dairy-cow,dairy cow,An adult female milk cow
dairy-cream,dairy cream,Cream from a dairy
dairy-equipment,dairy equipment,Tools for milking/processing
dairy-farm,dairy farm,A farm specialising in milk
dairy-farmer,dairy farmer,Person who runs a dairy farm
dairy-heifer,dairy heifer,Young cow destined for dairy
dairy-herd,dairy herd,Group of dairy cows
dairy-industry,dairy industry,Milk production sector
dairy-maid,dairy maid,Woman working in a dairy
dairy-product,dairy product,Food made from milk
dairy-shorthorn,dairy shorthorn,An English dairy cattle breed
dairying,dairying,Business of milk production
dairyman,dairyman,A person who works with dairy cattle or in a commercial dairy.
dairywork,dairywork,Tasks in a dairy
daisies,daisies,Common small flowers
daisy,daisy,A small white and yellow flower
dal,dal,Dried split pulses (lentils/peas)
dale,dale,A valley
dam,dam,Mother of an animal; or a water barrier
damage,damage,Harm or injury
daminozide,daminozide,A plant growth regulator (Alar)
damp-off,damp off,To die from a fungus infection which spreads in warm damp conditions and attacks the roots/stems of seedlings.
damping,damping,Selling cheap abroad
damping-off,damping-off,Fungal kill of young seedlings
damson,damson,A small dark plum
dance,dance,Rhythmic movement; or bee signal
dandelion,dandelion,A yellow weed found in grassland.
dandruff,dandruff,Flakes of dead skin
dangerous,dangerous,Safe or risky
danish-blue,Danish Blue,A blue-veined cheese
dapple,dapple,A spotted or mottled marking
dappled,dappled,Spotted or mottled
darino,Darino,A name or type (context?)
dark,dark,Lacking light
darnel,darnel,A persistent grass weed of grain
dashu,Dashu,Great Heat (Chinese solar term)
data,data,Information or facts
data-processing,data processing,Converting data into info
database,database,Structured store of information
date,date,Fruit of the date palm; or a point in time
date-palm,date palm,A tropical tree yielding dates
daughter,daughter,Female offspring
daughter-cell,daughter cell,Cell produced by division
day,day,A 24-hour period; or daylight
day-neutral,day neutral,A plant not affected by day length to flower
day-old-chick,day-old chick,A chick up to 24 hours old.
daybook,daybook,Book for daily records
daylight,daylight,Light from the sun
daylight-hours,daylight hours,Period between sunrise and sunset
daylily,daylily,A flowering plant (Hemerocallis)
ddt,DDT,An insecticide that was formerly used especially against malaria-carrying mosquitoes (Dichlorodiphenyltrichloroethane).
de-horn,de-horn,To remove horns
de-horn-paste,de-horn paste,Chemical for suppressing horn growth
dead,dead,No longer living
dead-animal,dead animal,A carcass
dead-cell,dead cell,A non-functioning cell
dead-furrow,dead furrow,Double furrow at the edge of a ploughed land
dead-heading,dead heading,The process of cutting the dead flower heads from a plant to prevent the formation of seeds.
dead-heart,dead heart,Death of top shoot due to pests
dead-nettle,dead nettle,A non-stinging plant like a nettle
dead-wood,dead wood,Dry brittle wood on trees
deadly,deadly,Fatal or lethal
deadly-nightshade,deadly nightshade,A highly poisonous weed (belladonna)
deadly-poisonous,deadly poisonous,Extremely toxic
deadweight,deadweight,Weight of a carcass after slaughter
deal,deal,A business agreement; or wood
dealer,dealer,A trader or merchant
death,death,The end of life
death-rate,death rate,Number of deaths per population
debeak,debeak,To trim a bird's beak
debris,debris,Scattered fragments or waste
debt,debt,Money owed to others
debtor,debtor,One who owes money
deca,deca,Prefix meaning ten
decant,decant,To pour liquid leaving sediment
decapitate,decapitate,To remove the head
decapod,decapod,Crustacean with ten legs (crab/lobster)
decay,decay,To decompose or rot
decayed,decayed,Rotten or decomposed
decease,decease,To die; death
decelerate,decelerate,To slow down
decentralisation,decentralisation,Moving from a central point
decentralise,decentralise,To disperse from a centre
decentralized,decentralized,Dispersed from a centre
deci,deci,Prefix meaning tenth
deciduous,deciduous,Trees shedding leaves annually
declaration,declaration,An official statement
declare,declare,To state officially
decline,decline,To worsen or decrease
declining,declining,Decreasing or failing
decoction,decoction,Extract made by boiling
decolorize,decolorize,To remove colour
decompose,decompose,To rot or break down
decomposer,decomposer,Organism breaking down dead matter
decomposition,decomposition,The process of rotting
decontaminate,decontaminate,To remove pollution or germs
decontamination,decontamination,Removal of pollutants
decorating,decorating,Adding ornament
decoy,decoy,A lure or trap
decrease,decrease,To make or become smaller
decumbent,decumbent,Lying flat with tips turning up (of stems)
decurrence,decurrence,Leaf base extending down the stem
decussate,decussate,Arranged in opposing pairs (of leaves)
deduct,deduct,To subtract or take away
deduction,deduction,An amount subtracted
deed,deed,A legal document; or an act
deep,deep,Extending far down
deep-freeze,deep freeze,A large freezer; to freeze deeply
deep-freezing,deep-freezing,Long-term storage at temperatures below freezing point.
deep-fried,deep-fried,Cooked in much hot oil
deep-litter,deep litter,Bedding layer providing insulation/compost for poultry
deep-litter-2,deep-litter,A system of using straw/shavings/sawdust for bedding poultry or cattle.
deep-ploughing,deep ploughing,"Ploughing very deep into the soil, used when reclaiming land."
deep-rooted,deep-rooted,Referring to a plant with long roots which go deep into the soil.
deep-sea,deep-sea,Relating to deep parts of the ocean
deep-well,deep well,A well reaching far underground
deer,deer,A wild ruminant animal
defaecate,defaecate,To discharge faeces
defaecation,defaecation,The discharge of faeces
default,default,Failure to act; or standard setting
defeat,defeat,To overcome or lose
defect,defect,A flaw or fault
defective,defective,Having a defect
defence,defence,Protection against attack
defendant,defendant,Person sued in court
defer,defer,To delay or postpone
deficiency,deficiency,A lack or shortage
deficiency-disease,deficiency disease,Illness from lack of a nutrient
deficient,deficient,Lacking or inadequate
deficit,deficit,Shortfall in budget or stock
definite,definite,Certain or clear
definition,definition,A statement of meaning
deflate,deflate,To release air or reduce value
deflation,deflation,General fall in prices
defoaming,defoaming,Removal of foam from liquid
defoliant,defoliant,Chemical causing leaves to fall
defoliate,defoliate,To strip leaves from a plant
defoliation,defoliation,Process of losing leaves
deforest,deforest,To clear land of trees
deforestation,deforestation,Clearing of forests
deforested,deforested,Stripped of forest
deformation,deformation,Change of shape
deformed,deformed,Distorted or misshapen
defrost,defrost,To thaw out
degassing,degassing,Removing gas from a system
degenerative,degenerative,Leading to decline or decay
degerming,degerming,Removing the germ from grain
degradation,degradation,Wearing down or worsening
degrade,degrade,To break down or worsen
degree,degree,A unit of measurement; or a rank
dehisce,dehisce,To burst open (of pods/anthers)
dehiscence,dehiscence,Process of bursting open
dehiscent,dehiscent,Bursting open naturally
dehorn,dehorn,"To remove the horns of an animal, done when the animal is young."
dehorning,dehorning,Practice of removing horns
dehumidifier,dehumidifier,Machine that removes air moisture
dehusk,dehusk,To remove the husk from seeds such as corn.
dehydrate,dehydrate,To remove water
dehydrated,dehydrated,Lacking water; dried
dehydration,dehydration,Loss of water
dehydrogenase,dehydrogenase,An enzyme removing hydrogen
delatour,delatour,A name or type (context?)
delay,delay,To slow down or wait
delib,delib,Deliberate (abbrev)
delivery,delivery,Transporting goods; or giving birth
delivery-note,delivery note,Document with goods delivered
delta,delta,Silt fan at a river mouth
deltoid,deltoid,Triangle-shaped; or a shoulder muscle
demand,demand,Request for goods; to require
demersal,demersal,Living near the sea floor (fish)
demesne,demesne,Land attached to a manor
demeton-s-methyl,demeton-S-methyl,A systemic insecticide
demineralization,demineralization,Loss of minerals
demo,demo,Demonstration (abbrev)
democracy,democracy,Government by the people
demolish,demolish,To tear down or destroy
demonstration,demonstration,Display of how something works
demulsifying,demulsifying,Separating an emulsion
den,den,An animal's lair
denature,denature,To change biological/chemical nature
dendr,dendr,Prefix meaning tree
dendrochronology,dendrochronology,Dating via tree rings
dendrogram,dendrogram,Tree-like data diagram
denitrification,denitrification,Loss of nitrogen to the air
denitrifying,denitrifying,Bacteria that release nitrogen gas
denominate,denominate,To name or designate
denomination,denomination,A name or value
denominative,denominative,Forming a name
denseness,denseness,Quality of being dense
density,density,Amount of matter in a space
dent-maize,dent maize,Maize variety with indented kernels
dental,dental,Relating to teeth
dental-formula,dental formula,Systematic count of animal teeth
dentate,dentate,Toothed (of leaf edges)
denticulate,denticulate,Finely toothed
dentition,dentition,Teeth arrangement and state
denudate,denudate,To strip bare
denudation,denudation,Stripping of cover; erosion
denude,denude,To strip bare
deoxyribonucleic-acid,Deoxyribonucleic acid,Genetic info carrier (DNA)
department,department,A division or section
department-for-environment-food-and-rural-affairs,Department for Environment Food and Rural Affairs,UK government body (DEFRA)
department-of-agriculture-and-rural-development,Department of Agriculture and Rural Development,N. Ireland agricultural body
department-of-trade-and-industry,Department of Trade and Industry,UK business body (DTI)
dependant,dependant,One relying on another
dependency,dependency,Condition of relying on
dependent,dependent,Relying on others
depit,depit,To remove the pit
deplane,deplane,To exit an aircraft
depletion,depletion,Using up or emptying
depluming-mite,depluming mite,Pest causing birds to lose feathers
depopulate,depopulate,To reduce the population
deposit,deposit,A store; or to place
depositor,depositor,One who makes a deposit
depreciation,depreciation,Loss of asset value over time
depress,depress,To lower; or make sad
depressed,depressed,Low; or flattened
depression,depression,A hollow; or low pressure/mood
depth,depth,Extent far down
depth-control,depth control,Managing how deep a tool works
depth-wheel,depth wheel,Wheel on a plough managing depth
derbyshire-gritstone,Derbyshire Gritstone,"A blackfaced, hornless hardy breed of sheep, which produces a soft fleece."
derelict,derelict,"Referring to land which has been damaged and made ugly by mining or other industrial processes, or which is neglected."
derivation,derivation,Source or origin
derivative,derivative,Taken from something else
derive,derive,To obtain from a source
dermal,dermal,Relating to the skin
dermatitis,dermatitis,Inflammation of the skin
dermatophilosis,dermatophilosis,A bacterial skin disease
derrick,derrick,A hoisting frame or tower
derris,derris,A plant-derived insecticide (rotenone)
desalinate,desalinate,To remove salt from a substance such as sea water or soil.
desalination,desalination,The removal of salt from a substance such as sea water or soil.
descend,descend,To go down
descending,descending,Going down
descending-aorta,descending aorta,The second section of the aorta as it turns downwards.
descent,descent,An act of going down; ancestry
desert,desert,A dry barren area
desertification,desertification,Turning land into desert
desertify,desertify,To make land into a desert.
desiccant,desiccant,Drying agent
desiccants,desiccants,Chemicals used to dry crops for harvest
desiccate,desiccate,To dry out completely
desiccation,desiccation,Process of drying out
desiccator,desiccator,Device for drying
design,design,A plan or pattern
designer,designer,One who plans or designs
desired,desired,Wanted or aimed for
desktop,desktop,Top of a desk; computer style
dessert-apple,dessert apple,Apple for eating fresh
dessert-fruit,dessert fruit,Fruit eaten raw as dessert
destination,destination,Place being travelled to
destruction,destruction,Act of destroying
destructive,destructive,Causing damage
detached,detached,Separated or unconnected
detail,detail,A small part or info
detect,detect,To find or sense
detection,detection,Act of detecting
detector,detector,Device for detecting
detergent,detergent,A cleaning agent
deteriorate,deteriorate,To worsen or decay
deterioration,deterioration,Process of worsening
determination,determination,Firmness; or calculation
determine,determine,To decide or find out
deters,deters,Prevents or discourages
dethatch,dethatch,To remove thatch from grass
detinning,detinning,Removing tin coating
detonating,detonating,Exploding
detoxification,detoxification,Removing toxins
detoxify,detoxify,To remove poison
detrimental,detrimental,Harmful or damaging
detritivore,detritivore,An organism which feeds on dead organic matter and breaks it down into simple chemicals.
detritivorous,detritivorous,Eating dead organic matter
detritus,detritus,Organic waste or debris
develop,develop,To grow or improve
developer,developer,One who develops land or systems
developing,developing,Growing or building
development,development,Growth or a new project
deviation,deviation,Departure from a standard
device,device,A tool or machine
devon,Devon,A breed of cattle or sheep
devon-and-cornwall-longwool,Devon and Cornwall Longwool,"A breed of sheep with long curly, high-quality fleece."
devon-closewool,Devon Closewool,An English sheep breed
dew,dew,Drops of condensed moisture left on surfaces overnight in cool places.
dew-claw,dew claw,"A rudimentary fifth digit found on the heels of dogs, pigs and cattle."
dew-pond,dew pond,A small pond of rainwater which forms on high ground in chalky soil.
dewatering,dewatering,"The extraction of water from a crop by pressing, reducing the cost of artificial drying."
dewaxing,Dewaxing,Removing wax
dewberry,dewberry,A small bramble fruit
dewclaw,dewclaw,A non-functional accessory hoof
dewlap,dewlap,Loose skin under an animal's throat
dewpoint,dewpoint,Temperature at which dew forms
dexter,Dexter,"A rare breed of cattle, originating from the west of Ireland, small in size."
dextrin,dextrin,A carbohydrate from starch
dextrose,dextrose,A simple sugar (glucose)
dextrous,dextrous,Skilled with hands
dhak,dhak,A tropical tree (Palas)
dhal,dhal,Split pulse (dal)
dhana,dhana,Coriander (Indian)
di,di,Prefix meaning two or twice
diabetes,diabetes,High blood sugar disease
diagnose,diagnose,To identify an illness or problem
diagnosis,diagnosis,Identification of a disease
diagnostic,diagnostic,For the purpose of diagnosis
diagonal,diagonal,Slanting or crossing at an angle
diagram,diagram,A simple planning drawing
diagrammatic,diagrammatic,In the form of a diagram
dial,dial,A round face with info or control
diallel-cross,diallel cross,Breeding involving all combinations
dialysis,dialysis,Filtering process (e.g. for blood)
diameter,diameter,Width through the centre
diammonium-phosphate,Diammonium phosphate,A highly concentrated phosphatic fertilizer (DAP).
diamond,diamond,A very hard gem; or a shape
diamonds-disease,Diamonds disease,Common name for swine erysipelas.
diapause,diapause,Period of suspended development in insects
diaphragm,diaphragm,Muscle separating chest and abdomen
diarrhoea,diarrhoea,Loose watery stools (scours)
diarthrosis,diarthrosis,A freely movable joint
diastase,diastase,An enzyme converting starch to sugar
diastole,diastole,Relaxation of the heart muscle
diatomaceous-earth,diatomaceous earth,Siliceous fossil powder used as filter/insecticide
diatomic,diatomic,Consisting of two atoms
diazinon,diazinon,An organophosphate insecticide
dibber,dibber,A hand tool for making holes in soil to plant small plants.
dicamba,dicamba,A broadleaf herbicide
dice,dice,To cut into cubes
dichlorprop,dichlorprop,A phenoxy herbicide
dichogamy,dichogamy,Male/female parts maturing at different times
dichotomous,dichotomous,Dividing into two parts
dichotomous-branching,dichotomous branching,A pattern of plant growth that develops when a growing point forks into two points.
dichotomous-key,dichotomous key,System for identifying organisms
dichotomy,dichotomy,A division into two parts
dicot,dicot,Dicotyledon (short form)
dicotyledon,dicotyledon,Plant with two embryonic leaves
dictate,dictate,To command or direct
dictyocaulus,dictyocaulus,A lungworm genus
did,did,Past of do
die,die,To stop living; a tool
die-back,die back,To be affected by the death of a branch or shoot starting from the tip.
die-down,die down,To stop growing before the winter and keep only the parts below ground until spring.
dieback,dieback,Progressive death of shoots from tips
dieldrin,dieldrin,An organochlorine insecticide which kills on contact and is very persistent.
diesel,diesel,Fuel for compression ignition engines
diesel-engine,diesel engine,Engine running on diesel
diet,diet,Food and drink consumed
diet-formulation,diet formulation,The combining of different types of feedstuffs or nutrients so as to form a healthy and balanced diet for an animal.
dietary,dietary,Relating to a diet
dietary-fibre,dietary fibre,"Fibre found in cereals, nuts, and fruit which is believed to be necessary to help digestion."
dietary-reference-values,dietary reference values,"The nutrients that are essential for health, published as a list."
dietetics,dietetics,"The study of food, nutrition and health, especially when applied to food intake."
different,different,Lacking similarity
differential,differential,Relating to a difference; or a gear
differential-diagnosis,differential diagnosis,Distinguishing between similar diseases
differentiation,differentiation,Developing special features
diffraction,diffraction,Bending of waves/light
diffuse,diffuse,To spread out
diffuse-water-pollution,diffuse water pollution,Water pollution which is caused by several small sources such as runoff from farms.
diffusion,diffusion,Spread of substances from high to low concentration
dig,dig,To move earth with a tool
dig-out,dig out,To remove by digging
digest,digest,To break down food; a summary
digester,digester,Device for breaking down waste
digestibility,digestibility,Ease of being digested
digestibility-coefficient,digestibility coefficient,Measure of feed digestibility
digestible,digestible,Able to be digested
digestible-energy,digestible energy,Energy available from feed
digestion,digestion,The process of breaking down food
digestive,digestive,Relating to digestion
digestive-juice,digestive juice,A liquid produced by an animal's body to help digest food (e.g. gastric juice).
digestive-system,digestive system,Organs involved in digestion
digger,digger,Machine or person that digs
digit,digit,A finger/toe; or a number
digitalis,digitalis,Foxglove flower; a heart drug
digitated,digitated,Having finger-like parts
digitigrade,digitigrade,"Referring to an animal which walks on its toes, such as a dog or cat."
dike,dike,A barrier or canal (dyke)
dilatation,dilatation,Widening or stretching
dilate,dilate,To widen
dilation,dilation,The act of widening
dill,dill,An aromatic herb
diluent,diluent,Liquid for thinning or weakening
dilute,dilute,To weaken a concentration
dilution,dilution,Process of diluting
dilution-rate,dilution rate,Ratio for diluting
dimension,dimension,A measurement of space
diminution,diminution,A decrease or lessening
dimorphism,dimorphism,Having two forms
dingle,dingle,A small wooded valley
dinoseb,dinoseb,A toxic dinitrophenol herbicide
dioecious,dioecious,Having male/female flowers on separate plants
dioxide,dioxide,Oxide with two oxygen atoms
dip,dip,A chemical liquid in which sheep and cattle are immersed so as to kill parasites on their skin.
dip-net,dip net,A net on a handle for scooping
diphtheria,diphtheria,A bacterial infection (e.g. in calves)
diploid,diploid,Having two sets of chromosomes
dipped,dipped,Immersed in liquid (e.g. sheep dip)
dipper,dipper,Person or device for dipping
dipping,dipping,Immersing livestock in chemical wash
dipping-pen,dipping pen,Enclosure for dipping
diprim,diprim,A name or type (context?)
dipsacaceous,dipsacaceous,Relating to teasels
diptera,Diptera,The true fly order
direct,direct,Straight or immediate
direct-application,direct application,Placing chemicals straight on target
direct-combining,direct combining,Harvesting grain in one pass
direct-costs,direct costs,Costs linked straight to production
direct-drilling,direct drilling,Sowing without prior ploughing
direct-drilling-machine,direct drilling machine,A type of drill which can sow seeds into unploughed soil.
direct-income,direct income,Income before aid/subsidies
direct-injection,direct injection,Injecting fuel straight to the cylinder
direct-marketing,direct marketing,Selling straight to the user
direct-payment,direct payment,Subsidy paid straight to a farmer
direct-sales,direct sales,Selling straight to consumers
direct-seeding,Direct Seeding,A time-saving planting method where seeds are sown straight into the final field without a nursery phase.
direct-sowing,direct sowing,Placing seeds straight in the field
direction,direction,A path or instruction
directive,directive,An official instruction or law
dis,dis,Prefix meaning reversal or lack
disable,disable,To make unable or break
disaccharide,disaccharide,A sugar made of two simple units
disadvantage,disadvantage,Likely to cause failure
disassembly,disassembly,Taking apart
disc,disc,A flat round object; a plate
disc-drill,disc drill,A seed drill using discs
disc-harrow,disc harrow,Harrow using rotating discs
disc-harrower,disc harrower,One who uses a disc harrow
disc-plough,disc plough,Plough using large rotating discs
discard,discard,To throw away
discharge,discharge,To release or output
discipline,discipline,Field of study; or order
disclosure,disclosure,Revealing info
disconnect,disconnect,To break a connection
discontinuity,discontinuity,A break in sequence
discount,discount,A reduction in price
discounting,discounting,Reducing value for time/risk
discovery,discovery,Finding something new
discriminant,discriminant,A distinguishing feature
discrimination,discrimination,Treating differently; distinguishing
discuss,discuss,To talk about
disease,disease,A harmful health condition; illness
disease-prevention,disease prevention,Measures to stop illness
disease-resistance,disease resistance,Ability to withstand illness
disease-resistant,disease resistant,Able to withstand illness
disembark,disembark,To exit a ship/plane
disengage,disengage,To disconnect or release
dished,dished,"Concave, or hollowed out like a dish."
dishorn,dishorn,Another name for dehorn.
disinfect,disinfect,To kill harmful germs
disinfectant,disinfectant,A germ-killing chemical
disinfection,disinfection,Treatment to kill germs
disinfest,disinfest,To clear of pests/parasites
disinsectization,disinsectization,The cleaning of a building to kill any insects which may be there.
disintegrate,disintegrate,To break into small pieces
disintegration,disintegration,Process of breaking apart
disinterested,disinterested,Lacking bias or interest
disjunction,disjunction,Separation
disk,disk,Flat round object (US)
diskette,diskette,A small computer storage disc
dislocation,dislocation,A bone out of its joint
dismantle,dismantle,To take apart
dismiss,dismiss,To send away; or ignore
disorder,disorder,A health problem or lack of order
dispatch,dispatch,To send off
dispensary,dispensary,Place where medicine is given
dispenser,dispenser,Device giving out material
dispersal,dispersal,Process of spreading
disperse,disperse,To spread over an area
dispersion,dispersion,A spread or distribution
displacement,displacement,Moving from a place
display,display,To show; or a screen
disposable,disposable,Able to be thrown away after use
disposal,disposal,Getting rid of something (e.g. waste/carcass)
disposers,disposers,Waste disposal systems
disposition,disposition,Arrangement; or temperament
disproportionate,disproportionate,Too large/small in relation
disregard,disregard,To ignore
disruption,disruption,An interruption or break
dissect,dissect,To cut open for study
dissection,dissection,Act of dissecting
disseminate,disseminate,To scatter widely (especially seeds or information).
dissemination,dissemination,Spreading of info or seeds
dissimilar,dissimilar,Not alike
dissipation,dissipation,Wasting or spreading away
dissolve,dissolve,To melt into a liquid
distal,distal,Far from the point of attachment
distance,distance,Space between points
distant,distant,Far away
distemper,distemper,A viral disease of dogs
distend,distend,To swell or bloat
distill,distill,To purify by evaporation/condensation
distillage,distillage,The residue left after distillation (e.g. of grain to produce alcohol).
distillate,distillate,Liquid produced by distillation
distillation,distillation,The process of distilling
distillers-grain,distillers’ grain,Spent grain from distilling used as feed
distillery,distillery,Place where spirits are distilled
distortion,distortion,Deformation
distrain,distrain,To seize property for debt
distribute,distribute,To give out or spread
distributed-water-pollution,distributed water pollution,Another name for diffuse water pollution.
distribution,distribution,The act of spreading
distributor,distributor,One who distributes
district,district,A specific area or region
disturbance,disturbance,An interruption or upset
ditch,ditch,A long narrow trench for water
ditching,ditching,Creating or cleaning ditches
diurnal,diurnal,Daily; or active by day
diurone,diurone,A substituted urea herbicide
divergent,divergent,Moving in different directions
diversification,diversification,Broadening activities
diversified,diversified,Made up of several different parts (e.g. diversified farm).
diversify,diversify,To add variety
diversity,diversity,Variety
divert,divert,To turn onto another course
divide,divide,To split into parts
dividend,dividend,Share of profit paid to owners
division,division,A part or the process of splitting
divorce,divorce,End of a marriage
dna,DNA,Deoxyribonucleic acid
dobbin,dobbin,A farm horse (colloquial)
docile,docile,Easy to handle; quiet
dock,dock,A weed (Rumex); or to cut a tail; or water berth
docking,docking,Surgical shortening of an animal's tail
document,document,A written record or paper
documentation,documentation,The process of recording info
dodder,dodder,A parasitic climbing plant (Cuscuta)
doe,doe,A female deer; rabbit or goat
dog,dog,A domesticated carnivorous animal
dog-rose,dog rose,A thorny wild shrub
dogwood,dogwood,A woody shrub or tree
dollar,dollar,A unit of currency
dollop,dollop,A lump or scoop of something
dolomite,dolomite,Limestone rich in magnesium
dolomitic-lime,dolomitic lime,Lime containing magnesium
domain,domain,Field of activity; or a web address
domestic,domestic,Relating to the home or one country
domesticate,domesticate,To tame or bring under human control
domestication,domestication,The process of taming animals or plants
dominance,dominance,Power; or expression of a gene over another
dominant,dominant,Ruling or prevailing (e.g. over a recessive gene)
don,Don,A name or type (context?)
donkey,donkey,A small hoofed mammal (ass)
donor,donor,One who gives or provides
donor-ewe,donor ewe,Ewe providing embryos for transfer
dormancy,dormancy,Period of inactivity/rest in plants
dormant,dormant,Inactive or resting (e.g. seeds/buds)
dorsal,dorsal,"Relating to the back of the body, as opposed to ventral."
dorset,Dorset,"A county in the UK, often associated with specific livestock breeds."
dorset-down,Dorset Down,An English sheep breed
dorset-horn,Dorset Horn,An English horned sheep breed
dosage,dosage,The amount of medicine given
dose,dose,A single amount of medicine; to give it
dot,dot,A small spot
double,double,Twice as much; two parts
double-acting,double acting,Working in both directions
double-acting-2,double-acting,Referring to a machine where a piston is moved in both directions by pressurized fluid.
double-cropping,double cropping,Growing two crops a year on same land
double-digging,double digging,Digging soil two spades deep
double-entry,double-entry,Accounting method using two records
double-flowered,double-flowered,Referring to a flower which has more petals than normal.
double-furrow,double furrow,Two furrows made at once
double-glazing,double glazing,Windows with two layers of glass
double-low,double-low,Rapeseed low in erucic acid and glucosinolates
doubling,doubling,Increasing twofold
douglas-fir,Douglas fir,A large evergreen coniferous tree
dourine,dourine,A parasitic venereal disease of horses
down,down,Soft fine feathers or hair; low ground
down-payment,down payment,Initial payment for a purchase
downfall,downfall,Heavy rain; or a sudden failure
downland,downland,Upland chalk grassland
downpour,downpour,A heavy fall of rain.
downpours,downpours,Heavy falls of rain
downstream,downstream,Following the flow; further in a process
downy,downy,Covered in soft fluff
downy-mildew,downy mildew,A fungal leaf disease
downy-pea,downy pea,A type of pea
doyenne-du-comice,Doyenne du Comice,"A variety of dessert pear, originating in France."
dpa,DPA,A system of making sure that the output from a sprayer is proportional to the speed at which it moves forward.
draft-ewe,draft ewe,An ewe sold from a breeding flock of sheep while still young enough to produce lambs.
draft-off,draft off,To remove certain animals from a herd or flock.
drag,drag,To pull something along the ground.
drag-harrow,drag harrow,"A very large, heavy harrow."
dragon-fruit,Dragon Fruit,A fruit with striking pink skin and flesh speckled with tiny seeds.
drain,drain,A pipe or ditch removing water; to empty
drainage,drainage,System for water removal
drainage-basin,drainage basin,Area drained by a river system
drainage-canal,drainage canal,A man-made channel for carrying water away.
drainage-ditch,drainage ditch,A small channel for carrying water away.
drainage-pump,drainage pump,A pump for removing water from a low area.
drainage-system,drainage system,A set of channels or pipes used to remove excess water from land or a building.
drainage-tile,drainage tile,Section of a clay or plastic land drain
drainer,drainer,Person or tool that drains
draining,draining,Process of removing water
drainpipe,drainpipe,A pipe for carrying water away from a building or from land.
drake,drake,A male duck.
dram,dram,Small unit of weight/liquid
draught,draught,A draft or current (UK)
draught-animal,draught animal,Animal used for pulling (e.g. ox/horse)
draught-control-system,draught control system,A system of preventing damage to an implement such as a harrow by automatically raising it when the draught reaches a set level.
draught-horse,draught horse,Heavy horse bred for pulling
draught-power,draught power,The power of an animal or machine to pull a load.
draw,draw,To pull; to sketch; a tied result
draw-hoe,draw hoe,A hoe whose blade is at right angles to the handle and is pulled backwards towards the worker.
drawback,drawback,A disadvantage
drawbar,drawbar,A bar for connecting a tractor to a machine which it is to pull.
drawbar-power,drawbar power,"The power available to pull an implement, as opposed to the brake horsepower of a tractor."
drawer,drawer,One who draws; a storage box
drawing,drawing,A picture or sketch; pulling
dray,dray,A heavy horse-drawn cart
dreaded,dreaded,Feared
dredge-corn,dredge corn,A mixture of cereals grown together and used for livestock feeding.
drench,drench,To give liquid medicine orally; the medicine
drench-herbicides,Drench Herbicides,pouring or low-pressure-spraying a liquid chemical mixture directly into the soil at the base of a plant or directly onto the foliage
drencher,drencher,Tool for giving oral medicine
drenching,drenching,The act of giving liquid medicine
drenching-gun,drenching gun,Device for rapid oral dosing
dress,dress,To trim or prepare; clothing
dressed,dressed,Treated (as of seed)
dressed-carcase,dressed carcase,Animal body prepared for meat
dressing,dressing,Applying a layer or treatment
dribble-bar,dribble bar,An attachment which applies a liquid top dressing to a crop through trailing pipes.
dried,dried,Having had all the moisture removed.
dried-blood,dried blood,An organic fertiliser with a nitrogen content of 10% – 13%.
dried-grass,dried grass,Grass which has been artificially dried and is used as an animal feed.
dried-milk,dried milk,Milk powder produced by removing water from liquid milk.
drier,drier,Machine that removes moisture
drift,drift,Floating or blowing; movement
drifter,drifter,A fishing boat; or a wanderer
drifting,drifting,Moving by wind or water
drill,drill,To make a hole; or sow in rows
drill-coulter,drill coulter,Part of a drill opening a furrow
driller,driller,A person or machine that drills.
drilling,drilling,Sowing seed in rows using a machine
drink,drink,A liquid for swallowing; to swallow
drinker,drinker,Device for providing water to stock
drinking,drinking,The act of swallowing liquid
drinking-trough,drinking trough,Container for providing water to animals
drip,drip,To fall in small drops
drip-irrigation,drip irrigation,Efficient watering drop-by-drop at roots
dripping,dripping,Fat from roasted meat
drive,drive,To operate a vehicle; to push animals
driver,driver,One who operates a vehicle
driving,driving,Operating or pushing forward
drizzle,drizzle,Fine light rain
dromous,dromous,Referring to fish which travel from one area of water to another (e.g. from sea to river).
drone,drone,A male honeybee; or a hum; unmanned aircraft
droop,droop,To hang down loosely
drooping,drooping,Hanging or sagging
drop,drop,To fall; a small globe of liquid
dropper,dropper,Device giving small doses
dropping,dropping,Animal excrement (dung)
dropsy,dropsy,Excess fluid in body tissues (oedema)
drought,drought,A long period of low rainfall
drought-order,drought order,Legislation which permits water companies to place restrictions on the use of water for a specific period when there is a drought.
drought-resistance,drought resistance,Ability of a plant to survive dry periods
drought-stress,drought stress,A lack of growth caused by drought.
drouth,drouth,Drought (dialect)
drove,drove,A group of animals moved together
drove-road,drove road,A track along which sheep or cattle are regularly driven.
drover,drover,Person who moves animals to market
drowning,drowning,Death by immersion in water
drowse,drowse,To be half asleep
drupe,drupe,Single-seeded fleshy fruit (e.g. plum)
dry,dry,Free of moisture; to remove water
dry-cow,dry cow,A cow not currently giving milk
dry-cow-therapy,dry cow therapy,Antibiotic treatment for non-milking cows
dry-curing,dry curing,"The process of curing meat in salt, as opposed to brine."
dry-farming,dry farming,"A system of extensive agriculture, producing crops in areas of limited rainfall, without using irrigation."
dry-feeding,dry feeding,The feeding of meal to animals without the addition of water.
dry-matter,dry matter,Remaining weight after water removal (DM)
dry-matter-content,dry matter content,Proportion of dry material
dry-matter-intake,dry matter intake,"The amount of feed that an animal consumes or requires, discounting its water content. Abbr DMI."
dry-organic-matter,dry organic matter,Organic matter such as sewage sludge or manure which has been dried out. Abbr DOM.
dry-period,dry period,"In cattle, a period of six to eight weeks between lactations, when a cow is rested from giving milk."
dry-pluck,dry pluck,The process of removing the feathers when the bird is dry.
dry-rot,dry rot,A fungal wood decay or potato disease
dry-roughage,dry roughage,Feed such as hay or straw which has a high fibre content and is dried.
dry-stone-wall,dry-stone wall,A wall made of stones fitted together without the use of mortar.
dryback,dryback,Drying out of a growth medium
drying-off,drying off,"A gradual reduction in the quantity of milk taken from a cow, so as to make it stop lactating."
dryland,dryland,Arid or semi-arid land
dryland-agriculture,dryland agriculture,Farming in areas of low rainfall
drysdale,Drysdale,"A breed of sheep from New Zealand, giving a heavy fleece of coarse wool which is used in making carpets."
dual,dual,Consisting of two parts
dual-purpose,dual-purpose,Serving two uses (e.g. meat and milk)
dual-purpose-breed,dual-purpose breed,A breed of animal which is kept for two purposes (e.g. for both beef and milk).
dub,dub,To name; or smear with grease
dubbin,dubbin,A thick grease used to make leather boots soft and waterproof.
duck,duck,A water bird (Anatinae)
duckfoot-cultivator,duckfoot cultivator,Cultivator with broad V-shaped tines
duckling,duckling,A young duck
duct,duct,A tube or channel
ductile,ductile,Able to be drawn into wire
dud,dud,A failure or non-functioning item
due,due,Expected or owed
duff,duff,Decaying leaves on a forest floor
dug,dug,Past of dig; or a teat/udder
duke,duke,A high rank of nobility
duke-of-westminster,Duke of Westminster,A British title
dull,dull,Not bright or sharp; boring
dummy,dummy,An imitation; or a pacifier
dump,dump,A heap of waste; to unload
dump-box,dump box,"A container into which a silage trailer can be emptied, from which the material is then moved into a silage tower by a conveyor."
dung,dung,Animal excrement
dung-beetle,dung beetle,Insect that feeds on and moves dung
dung-fly,dung fly,A fly associated with dung
dungeon,dungeon,A dark underground prison
dunghill,dunghill,A heap of dung
dunging-passage,dunging passage,The row of gulleys behind the stalls in a cowshed where manure is collected.
duo,duo,Prefix meaning two
duodenal,duodenal,Relating to the duodenum
duodenum,duodenum,First part of the small intestine
durian,Durian,"A large, spiked fruit known for its strong aroma and creamy flesh."
duroc,Duroc,An older breed of American domestic pig.
durum,durum,A type of wheat used to make semolina for pasta.
durum-wheat,durum wheat,Hard wheat used for pasta/semolina
dust,dust,Fine powder; to scatter it
dust-mulch,dust mulch,Dry loose soil surface limiting evaporation
dust-storm,dust storm,Strong wind carrying dust
duster,duster,Device for applying powder
dusting,dusting,Process of applying powder
dutch-barn,Dutch barn,"A simple barn with a roof but no sides, used for storing hay or straw."
dutch-elm-disease,Dutch elm disease,A contagious disease of elm trees caused by a fungus and spread by bark beetles.
dutch-harrow,Dutch harrow,A long harrow with four rows of tines used primarily for levelling.
dutch-hoe,Dutch hoe,"A type of hoe which has the blade in the same plane as the handle, and is pushed forward through the soil."
duty,duty,A task; or a tax
dvm,DVM,"In the UK, the head of the veterinary staff for an area."
dvo,DVO,A veterinary official in a Divisional office.
dwarf,dwarf,Unusually small; stunted
dwarf-bean,dwarf bean,A type of bean which is small and does not grow as a climbing plant.
dwarfing,dwarfing,Stunting growth (e.g. rootstocks)
dwarfing-rootstock,dwarfing rootstock,"A type of stock into which a scion is grafted, which restricts the growth of the resulting tree."
dwell,dwell,To live or reside
dwelling,dwelling,A house or home
dyad,dyad,A group of two
dye,dye,A substance for coloring
dyke,dyke,A ditch or barrier dam (dike)
dynamic,dynamic,Constant change or energy
dynamometer,dynamometer,Machine measuring force/power
dysentery,dysentery,Severe bloody diarrhoea
dyspnoea,dyspnoea,Difficulty in breathing
dystocia,dystocia,Difficult birth
dystrophic,dystrophic,Referring to an area of water which is very acidic and contains very few nutrients and little life.
each,each,Every individual
ear,ear,Seed head of grain; or an organ of hearing
ear-hearing,ear-hearing,The sense of hearing
ear-potato,ear potato,A crop of potatoes which is harvested early in the season.
earcockle,earcockle,A nematode disease of wheat
earliness,earliness,Quality of being early (e.g. maturity)
early,early,Before the expected time
early-bite,early bite,First spring grass growth for grazing
early-blight,Early blight,A fungal disease of potato and tomato characterized by concentric rings on leaves (Alternaria solani).
early-potato,early potato,Potato harvested early in the season
earmark,earmark,Marking the ear for ownership/ID
earmarked,earmarked,Reserved for a specific use
earmuff,earmuff,Warm ear covering
earn,earn,To gain money by working
earning,earning,Profit or income
earnotching,earnotching,A system of identifying pigs by cutting small notches in the edge of the ear.
earphone,earphone,Device for listening
earpiece,earpiece,Part of a phone or headphone
earringing,earringing,A system of putting rings through a pig's nose to prevent it from rooting.
earsplitting,earsplitting,Extremely loud
earth,earth,Soil; the planet; to cover with soil
earth-bank,earth bank,A ridge of earth
earthen,earthen,Made of baked clay or earth
earthenware,earthenware,Pottery made of clay
earthing-up,earthing up,Mounding soil around plants (e.g. potatoes)
earthmover,earthmover,A powerful earth-moving machine
earthquake,earthquake,Vibration of the Earth's crust
earthscoop,earthscoop,An implement attached to a tractor for moving earth.
earthwork,earthwork,Structure made of earth
earthworm,earthworm,Soil-dwelling worm (annelid)
earwig,earwig,A stinging-tailed insect
eary,eary,Yielding ears of grain
east,east,Direction towards the sunrise
east-friesland,East Friesland,A breed of sheep from northern Germany which produces large quantities of milk.
eastern,eastern,Towards the east
eat,eat,To consume food
eatable,eatable,Fit to be eaten
eating,eating,The act of consuming food
eau,Eau,Water (French)
ebb,ebb,Tide moving out; to decrease
ebony,ebony,A tropical hardwood tree
eccentric,eccentric,Off-centre; or unconventional
ecesis,ecesis,Successful establishment of a plant in a new area
echinate,echinate,Spiny or prickly
echinocyst,echinocyst,A type of cyst
echinoderm,echinoderm,Marine spiny organism (starfish)
echo,echo,Reflection of sound
eclampsia,eclampsia,A pregnancy-related seizure condition
eclosion,eclosion,Hatching from an egg or pupa
eco,eco,Prefix meaning environment
ecoclimate,ecoclimate,Climate within an ecosystem
ecofriendly,ecofriendly,Not harmful to the environment
ecolabel,ecolabel,Sign showing environmental standards
ecological,ecological,Relating to ecology
ecological-balance,ecological balance,Stable ecosystem state
ecological-footprint,ecological footprint,Measure of human environmental impact
ecological-niche,ecological niche,Role/space of a species in a community
ecology,ecology,Study of organisms and their environment
econometrics,econometrics,Math/stats analysis of economics
economic,economic,Relating to money and trade
economic-injury-level,economic injury level,Pest density causing profit loss (EIL)
economics,economics,The study of wealth and resources
economist,economist,An expert in economics
economy,economy,State of a country's wealth; or saving
economy-of-scale,economy of scale,Lowering unit cost by increasing output
ecophysiology,ecophysiology,Study of how organisms function in nature
ecosystem,ecosystem,A biological community and environment
ecotopology,ecotopology,Study of ecological mapping
ecotourism,ecotourism,Nature-based responsible travel
ect,ect,Prefix meaning outside
ectoderm,ectoderm,Outer layer of an embryo
ectoparasite,ectoparasite,Parasite living on the host's surface (e.g. tick)
ectothermic,ectothermic,Cold-blooded (relying on external heat)
edaphic,edaphic,Relating to soil
edaphology,edaphology,The study of soil and plant growth
eddy,eddy,Circular current of water or air
edf,EDF,Electricite de France (power company)
edge,edge,Outer limit or blade part; to trim
edging,edging,Providing an edge
edible,edible,Safe and good to eat
edict,edict,An official order
edit,edit,To change or prepare text
edition,edition,A version of a published book
editor,editor,Person who prepares text
edta,EDTA,A chelating agent for minerals
educate,educate,To teach or train
education,education,The process of learning
edv,EDV,Essential Derivative Variety
eec,EEC,European Economic Community (EU precursor)
eeg,EEG,Brain activity scan (electroencephalogram)
eel,eel,A long snake-like fish
eel-worm,eel-worm,A common name for several types of nematode which are crop parasites.
eelworm,eelworm,A nematode pest (stem/root)
effect,effect,A result or consequence
effective,effective,Producing the desired result
efficacy,efficacy,The power of a drug or chemical to produce a desired effect.
efficiency,efficiency,Producing well with little waste
efficient,efficient,Working productively and well
effluent,effluent,Liquid waste discharge
effort,effort,Physical or mental energy
effuse,effuse,To spread widely (of liquids/smells)
effusion,effusion,The process of spreading
efta,EFTA,European Free Trade Association
egg,egg,Ovum; poultry product
egg-cell,egg cell,The female gamete
egg-grading,egg grading,Sorting eggs by size/quality
egg-production,egg production,The business of egg farming
egg-shell,egg shell,Outer hard covering of an egg
eggbound,eggbound,Difficulty in laying an egg
egglaying,egglaying,The process of producing eggs
eggplant,eggplant,Aubergine or Brinjal
egret,egret,A white long-legged bird (heron)
eho,EHO,Environmental Health Officer
ehs,EHS,Environment Health and Safety
eia,EIA,Environmental Impact Assessment
eid,EID,Electronic Identification
ejaculate,Ejaculate,To release semen; the fluid released
ejaculation,ejaculation,Process of releasing semen
eject,eject,To push out suddenly
elaborate,elaborate,Detailed or complex
elaeis,elaeis,Oil palm genus
elastane,elastane,Stretchable synthetic fiber
elastic,elastic,Able to return to shape
elastrator,elastrator,A tool used for putting a strong rubber ring over the scrotum or tail of a young lamb.
elbow,elbow,Joint of the forelimb
elderberry,elderberry,A small dark wild berry
elderly,elderly,Aged or old
elect,elect,To choose by vote
election,election,Voting process
electric,electric,Relating to electricity
electric-fence,electric fence,Fence providing shocks to control stock
electric-motor,electric motor,Machine converting electricity to motion
electric-shock,electric shock,Sudden burst of electricity through the body
electrical,electrical,Powered by or using electricity
electrician,electrician,Person working with electricity
electricity,electricity,Form of energy from charged particles
electrification,electrification,Installing electricity
electro,electro,Prefix meaning electric
electro-osmosis,electro-osmosis,Movement of water in soil via electricity
electrocardiogram,electrocardiogram,Heart activity trace (ECG)
electrode,electrode,Conductor for electricity entering a medium
electrodialysis,electrodialysis,Filtering using electricity
electrolysis,electrolysis,Decomposition using electricity
electrolyte,electrolyte,Substance conducting electricity in solution
electromagnetic,electromagnetic,Relating to electricity and magnetism
electron,electron,Subatomic particle with negative charge
electron-microscope,electron microscope,High-power microscope using electrons
electronic,electronic,Relating to electrons or digital devices
electronic-identification,electronic identification,Tagging using microchips (EID)
electronics,electronics,The science of electronic circuits
electrophoresis,electrophoresis,Separating molecules via electricity
electrostatic,electrostatic,Relating to stationary electric charges
electrostatic-sprayer,electrostatic sprayer,Sprayer giving droplets a charge for better stick
element,element,A primary substance; or a part
elementary,elementary,Basic or simple
elephant-grass,elephant grass,A tall tropical forage grass (Napier)
elevate,elevate,To lift up
elevation,elevation,Height above sea level; or lifting
elevator,elevator,Machine for lifting (e.g. grain)
elimination,elimination,Removal or excretion
elite-seed,elite seed,High-purity seed from a breeder
ellipsoid,ellipsoid,Flattened sphere shape
elm,elm,A hardwood forest tree
elongate,elongate,To lengthen
elongation,elongation,Growth in length
elp,ELP,Environmental Land Management (policy)
eluate,eluate,Liquid wash from chromatography
eluent,eluent,The washing solvent
elution,elution,Process of washing out
eluviation,eluviation,Movement of material down soil by water
elytron,elytron,Hard outer wing of a beetle
emaciated,emaciated,Extremely thin; wasted away
emaciation,emaciation,State of being extremely thin
emasculate,emasculate,To castrate; or remove anthers
emasculation,emasculation,The act of emasculating
emasculator,emasculator,A tool for castrating animals.
embark,embark,To board a ship/plane
embed,embed,To fix firmly in a medium
embedding,embedding,Act of fixing in place
embouchement,embouchement,River mouth (French)
embrace,embrace,To include; or hold
embryo,embryo,Unborn young; or seed germ
embryo-culture,embryo culture,Growing embryos in vitro
embryo-transfer,embryo transfer,Moving an embryo to a host mother
embryology,embryology,The study of embryos
embryonic,embryonic,Relating to an embryo; early state
emerge,emerge,To come out or appear
emergence,emergence,First appearance of a crop above soil
emergency,emergency,Sudden crisis needing action
emergency-ward,emergency ward,Hospital department for crises
emery,emery,A hard abrasive mineral
emery-cloth,emery cloth,Fabric coated with emery
emetic,emetic,Substance causing vomiting
emigrate,emigrate,To leave a country to settle elsewhere
emigration,emigration,Moving out of an area
emission,emission,Release of gas; radiation; or fluid
emit,emit,To give off or release
emmer,emmer,An ancient type of wheat
emolument,emolument,Payment for work; salary
emotion,emotion,Strong feeling
empty,empty,Containing nothing
ems,EMS,Environmental Management System
emulsifier,emulsifier,Substance assisting in making an emulsion
emulsify,emulsify,To mix two immiscible liquids (e.g. oil/water)
emulsifying,emulsifying,Directing or aiding emulsification
emulsion,emulsion,Stable mix of oil and water
en,en,Prefix meaning within or making
enable,enable,To make possible
enamel,enamel,Hard outer surface of teeth
encamp,encamp,To set up a camp
encapsulate,encapsulate,To enclose in a capsule
encapsulation,encapsulation,The act of enclosing
encave,encave,To place in a cave
enclosure,enclosure,A fenced area
encourage,encourage,To support or stimulate
encroach,encroach,To intrude on land or rights
encroachment,encroachment,Intrusion
encrusting,encrusting,Covering with a hard crust
end,end,Final part or limit
end-product,end product,The final result of a process
endanger,endanger,To put at risk
endangered,endangered,At risk of extinction
endangered-species,endangered species,A species of plant or animal in danger of becoming extinct.
endemic,endemic,Native to a specific area; common
ender,ender,A type or person (context?)
endive,endive,A bitter leafy salad vegetable
endoblast,endoblast,Inner layer of a developing embryo
endocrine,endocrine,Relating to hormones/glands
endocrinology,endocrinology,Study of hormones and glands
endoderm,endoderm,Inner cell layer of an embryo
endogen,endogen,A monocotyledon (obsolete terms)
endogenous,endogenous,Produced within an organism
endometritis,endometritis,Inflammation of the womb lining
endometrium,endometrium,The lining of the womb
endoparasite,endoparasite,Parasite living inside the host (e.g. worm)
endophyte,endophyte,Organism living inside a plant
endoplasm,endoplasm,Inner fluid of a cell
endoplasmic-reticulum,endoplasmic reticulum,Folded cell membrane (ER)
endoskeleton,endoskeleton,Internal skeletal frame
endosome,endosome,A cell vesicle
endosperm,endosperm,Food store in a seed
endospore,endospore,A thick-walled dormant spore
endothermic,endothermic,Absorbing heat
endotoxin,endotoxin,Toxin released when a bacterium dies
endoxin,endoxin,A type of toxin
endrin,endrin,A toxic organochlorine insecticide
endue,endue,To provide or invest
endurable,endurable,Able to last
endurance,endurance,Ability to last or withstand
endure,endure,To withstand or last
energy,energy,Strength or power for work
energy-balance,energy balance,Ratio of energy in vs out
energy-intake,energy intake,Amount of energy consumed
energy-use,energy use,Consumption of energy
energy-value,energy value,The amount of energy produced by a given amount of food.
enervate,enervate,To weaken
enface,enface,To put on the face
enfeof,enfeof,To grant land under feudalism
enforce,enforce,To ensure compliance with a rule
enforcement,enforcement,Act of enforcing
engage,engage,To participate or connect
engine,engine,Machine converting fuel to motion
engine-displacement,engine displacement,Total cylinder volume
engineer,engineer,Professional designer or builder
engineering,engineering,The science of building/designing
english,English,Language or people of England
english-elm,English Elm,An English hardwood tree
english-leicester,English Leicester,A legacy breed of long-wooled sheep
engorgement,engorgement,"Swelling or congestion, or a state where an animal's stomach is filled to excess."
engraft,engraft,To graft onto a plant
engram,engram,A theoretical memory trace
enhance,enhance,To improve or increase
enlarge,enlarge,To make bigger
enlighten,Enlighten,To give knowledge
ennoble,ennoble,To improve quality; or give rank
enough,enough,Sufficient
enquiry,enquiry,A request for info
enrich,enrich,To improve richness or quality
enrichment,enrichment,The process of enriching
enroll,enroll,To sign up; list
enrollment,enrollment,Act of signing up
ensign,ensign,A flag or sign
ensilage,ensilage,The process of making silage
ensile,ensile,To preserve forage as silage
ent,ent,Prefix meaning within or insect
entail,entail,To involve or require
entente,entente,An informal agreement
enteric,enteric,Relating to the intestine
enteric-disease,enteric disease,Disease of the gut
enteritis,enteritis,Inflammation of the intestine
enterocyte,enterocyte,An intestinal cell
enterokinase,enterokinase,A gut enzyme
enteron,enteron,The digestive tract
enteropathy,enteropathy,Intestinal disease
enterotoxaemia,enterotoxaemia,A disease of sheep caused by a toxin produced by bacteria in the intestine.
enterotoxemia,enterotoxemia,A bacterial gut disease (pulpy kidney)
enterovirus,enterovirus,A virus infecting the gut
entire,entire,Complete or whole
entire-male,entire male,An uncastrated male animal
entitative,entitative,Relating to an entity
entity,entity,A distinct thing or being
entoderm,entoderm,Inner embryo cell layer
entomoid,entomoid,Like an insect
entomologic,entomologic,Relating to entomology
entomologist,entomologist,A person who studies insects.
entomology,entomology,The study of insects
entoparasite,entoparasite,An internal parasite
entrance,entrance,Place of joining or entering
entrench,entrench,To fix firmly; to dig in
entrust,entrust,To give responsibility
entry,entry,Act of entering or an item in a list
enucleate,enucleate,To remove the nucleus or an eye
enumerate,enumerate,To count or list
enunciate,enunciate,To state clearly
enure,enure,To become accustomed
envelop,envelop,To wrap or surround
envelope,envelope,A paper cover; or outer layer
environ,environ,Surroundings
environment,environment,The natural surroundings
environment-agency,Environment Agency,Government body protecting nature (UK)
environmental,environmental,Relating to the environment
environmental-assessment,environmental assessment,Study of environmental impact
environmental-health,environmental health,Health as affected by environment
environmental-protection,environmental protection,The act of protecting the environment by limiting the output of pollutants.
environmentalist,environmentalist,A person protecting nature
environmentally-sensitive-area,environmentally sensitive area,An area where farmers are subsidized to follow traditional methods of farming so as to protect the scenery and the local plants and animals (e.g. the Norfolk Broads). Abbr ESA.
enzootic,enzootic,Regularly affecting animals in an area
enzootic-abortion,enzootic abortion,A bacterial disease of sheep/goats
enzyme,enzyme,Biological catalyst protein
enzymology,enzymology,Study of enzymes
eoa,EOA,Equal Opportunity Act
eoc,EOC,Equal Opportunities Commission
eocene,Eocene,An early geological epoch
eosin,eosin,A red biological dye
ep,ep,Prefix meaning upon or over
epas,EPAs,Economic Partnership Agreements
epeirogenic,epeirogenic,Relating to continent building
ephemeral,ephemeral,Short-lived (e.g. some weeds/flowers)
epiblast,epiblast,Small scale in a grass seed germ
epicarp,epicarp,Outer skin of a fruit
epicentre,epicentre,Point on Earth directly above a quake
epicotyl,epicotyl,Stem part above seed leaves
epidemic,epidemic,Rapid spread of disease
epidemiologist,epidemiologist,A person who studies the spread of a disease.
epidemiology,epidemiology,Study of how disease spreads
epidermis,epidermis,Outer cell layer of plants/skin
epididymis,epididymis,Tube storing sperm at the testis
epidural,epidural,Anaesthetic injected near the spine
epigeal,epigeal,Germination with seed leaves above ground
epiglottis,epiglottis,Flap covering the windpipe during swallowing
epigynous,epigynous,Flowers with parts above the ovary
epilimnion,epilimnion,Upper layer of a lake
epimer,epimer,A type of sugar isomer
epimers,epimers,Compounds differing in one chiral centre
epinasty,epinasty,Curving down of a leaf or stem
epinephrine,epinephrine,Adrenaline (US)
epipalaeolithic,epipalaeolithic,A late stone age period
epiphysis,epiphysis,The end of a long bone
epiphyte,epiphyte,Plant growing on another without taking food
episodic,episodic,Occurring at intervals
epispastic,epispastic,Causing blisters
epistasis,epistasis,One gene suppressing another
epistatic,epistatic,Suppressive (of genes)
epistaxis,epistaxis,A nosebleed
epithelium,epithelium,Tissue lining body surfaces
epizeotic,epizeotic,A disease which breaks out among a large number of animals.
epizoite,epizoite,Animal parasite living on a surface
epizootic,epizootic,Widespread disease outbreak in animals
epoch,epoch,A specific period of time
eprom,EPROM,Programmable computer memory
equ,equ,Prefix meaning equal
equal,equal,Same in size/value
equalisation,equalisation,Making equal
equator,equator,The Earth's central line
equatorial,equatorial,Relating to the equator
equid,equid,Horse-family animal (horse/donkey/zebra)
equilibrium,equilibrium,A state of balance
equine,equine,Relating to horses
equinox,equinox,Time when day and night are equal length
equipment,equipment,Tools or machinery
equisetum,equisetum,Horsetail plant genus
equivalent,equivalent,Equal in value/effect
era,era,A long distinct history period
eradicate,eradicate,To destroy or remove completely
eradication,eradication,Act of destroying completely
erase,erase,To rub out or wipe
eraser,eraser,Item used for erasing
ergon,ergon,Work (Greek)
ergosterol,ergosterol,A steroid precursor of vitamin D
ergot,ergot,A fungal disease of cereal heads
ergotism,ergotism,Poisoning from eating ergot-infected grain
ericulture,ericulture,Rearing of Eri silkworms
erigeron,Erigeron,Fleabane flower genus
eriosoma,Eriosoma,Woolly aphid genus
erm,ERM,Exchange Rate Mechanism
erode,erode,To wear away (soil/rock) slowly
eroded,eroded,Worn away
erosion,erosion,The wearing away of soil/rock by wind/water
erosive,erosive,Tending to erode
error,error,A mistake or fault
erucic-acid,erucic acid,Toxic fatty acid in some rapeseed
eructate,eructate,To burp or belch
eructation,eructation,Belching of gas (especially in ruminants)
erudite,erudite,Having great knowledge
erupt,erupt,To burst out
eruption,eruption,Process of bursting out; or tooth appearing
erysipelas,Erysipelas,A bacterial skin and joint disease
erysiphe,Erysiphe,Powdery mildew fungus genus
erythema,erythema,Reddening of the skin
erythro,erythro,Prefix meaning red
erythroblast,erythroblast,Developing red blood cell
erythrocyte,erythrocyte,Red blood cell
erythroleucosis,erythroleucosis,A viral blood disease of poultry
escales,Escales,A name or type (context?)
escape,escape,To get free; or a leaked plant
escarpment,escarpment,A steep slope or long cliff
eschar,eschar,A dry scab from a burn or sore
escheat,escheat,Reversion of land to the state
escherichia-coli,escherichia coli,Common gut bacterium (E. coli)
esculent,esculent,Fit for eating; edible
esophagus,esophagus,The gullet (oesophagus)
espalier,espalier,Fruit tree trained flat against a wall
esprc,ESPRC,Engineering and Physical Sciences Research Council
espresso,espresso,Strong dark coffee
esrc,ESRC,Economic and Social Research Council
essence,essence,Central nature; or concentrated extract
essential,essential,Absolutely necessary; vital
essential-amino-acid,essential amino acid,Amino acid that must be in diet
essential-fatty-acid,essential fatty acid,Fatty acid required for health
essential-oil,essential oil,Fragrant plant extract
establish,establish,To set up or fix
establishment,establishment,Setting up or a large organisation
estate,estate,A large piece of land; total property
estate-duty,estate duty,Tax on a dead person's property
estimate,estimate,A rough calculation or guess
estimation,estimation,The act of estimating
estimator,estimator,Person who calculates estimates
estover,estover,Right to take wood for fuel or repair
estrange,estrange,To alienate or distance
estrogen,estrogen,Female sex hormone (oestrogen)
estrous,estrous,Relating to heat (oestrous)
estrus,estrus,State of heat in female animals (oestrus)
estuarine,estuarine,Relating to a river mouth (estuary)
estuary,estuary,Tidal mouth of a large river
etc,etc.,And so on (et cetera)
etch,etch,To engrave with acid
eth,eth,Prefix relating to ethyl or ether
ethanal,ethanal,Acetaldehyde
ethane,ethane,Fossil fuel gas (C2H6)
ethanoic-acid,ethanoic acid,Acetic acid (vinegar acid)
ethanol,ethanol,Ethyl alcohol (biofuel/stimulant)
ethene,ethene,Ethylene gas (C2H4)
ether,ether,A volatile liquid; or the upper air
ethic,ethic,Moral principle
ethnic,ethnic,Relating to a shared culture/race
ethology,ethology,The study of animal behavior
ethyl,ethyl,A radical group (C2H5)
ethylene,ethylene,"Gas promoting fruit ripening (ethene), C2H4"
ethylene-diamine-tetra-acetic-acid,ethylene diamine tetra-acetic acid,Chelating agent (EDTA)
etiolate,etiolate,To grow pale and weak due to lack of light
etiolation,etiolation,State of being pale and leggy from darkness
eton,Eton,A British school/place
eu,EU,European Union
eubacterium,eubacterium,A true bacterium
eucalyptus,Eucalyptus,A fast-growing hardwood tree (gum)
eucaryote,eucaryote,Organism with complex cells (eukaryote)
euchromatin,euchromatin,Lightly packed form of chromatin
eugenics,eugenics,Improvement of species via breeding
eukaryote,eukaryote,Organism with cells containing a nucleus
euler-s-formula,Euler's formula,A math formula
euploidy,euploidy,Having exact multiples of chromosomes
eurasian,Eurasian,Relating to Europe and Asia
euro,euro,Main EU currency
europe,Europe,A continent
european,European,Relating to Europe
european-agricultural-guidance-and-guarantee-fund,European Agricultural Guidance and Guarantee Fund,EU farm fund (EAGGF)
european-commission,European Commission,Executive body of the EU
european-council,European Council,EU body of national leaders
european-court-of-justice,European Court of Justice,Highest EU court (ECJ)
european-economic-area,European Economic Area,Association linked to the EU (EEA)
european-monetary-system,European Monetary System,EU currency alignment system
european-rabbit,European rabbit,The common wild rabbit
european-union,European Union,Block of 27 nations
europium,europium,A rare earth metal element
euryhaline,euryhaline,Able to tolerate varied salinity
eustatic,eustatic,Relating to sea level changes worldwide
eutheria,eutheria,Placental mammals
eutrophic,eutrophic,Rich in nutrients (often of lakes)
eutrophication,eutrophication,Nutrient enrichment leading to algal bloom
evaluate,evaluate,To judge the value of
evaluation,evaluation,The process of judging
evaporant,evaporant,Substance that evaporates
evaporate,evaporate,To turn from liquid to gas
evaporated-milk,evaporated milk,Milk with water removed by boiling
evaporation,evaporation,The process of liquid turning to gas
evaporative-cooling,evaporative cooling,Cooling using evaporation
evapotranspiration,evapotranspiration,Total water loss from soil and plants
even,even,Level or equal; balanced
everglade,everglade,A marshy grassland (US)
evergreen,evergreen,Plant keeping green leaves year-round
everlasting,everlasting,Continuing forever
every,every,All members of a group
evet,evet,A newt (dialect)
evidence,evidence,Info proving a point
evident,evident,Clear and obvious
eviscerate,eviscerate,To remove internal organs (gut)
evocer,evocer,A name or type (context?)
evolution,evolution,Gradual development of species
evolve,evolve,To develop gradually
ewe,ewe,An adult female sheep
ewe-hogg,ewe hogg,A young female sheep before shearing
ewe-lamb,ewe lamb,A female lamb
ex,ex,Prefix meaning out or former
ex-lib,ex-lib,From a library (ex-libris)
ex-rights,ex-rights,Without share rights
ex-works,ex-works,Price excluding transport from factory
exacerbate,exacerbate,To make worse
exact,exact,Precise and accurate
exaggerate,exaggerate,To overstate
exalt,exalt,To raise high
examination,examination,An inspection or test
examine,examine,To inspect closely
example,example,A sample showing a rule
excavate,excavate,To dig out
excavation,excavation,The act of digging out
excess,excess,Amount more than needed
exchange,exchange,Sharing or swapping
exchequer,exchequer,The national treasury (UK)
excise,excise,Tax on certain goods (e.g. fuel/alcohol)
excision,excision,Cutting out
excite,excite,To stimulate
exclusion,exclusion,Keeping out
excreta,excreta,Waste matter (dung/urine)
excrete,excrete,To discharge waste
excretion,excretion,Act of discharging waste
exert,exert,To use effort
exhaust,exhaust,To use up; engine waste gas
exhaustion,exhaustion,Extreme tiredness or using up
exhibitor,exhibitor,One who shows at a fair/show
exile,exile,Banishment
exist,exist,To be real
existence,existence,State of being real
exit,exit,Way out
exmoor-horn,Exmoor Horn,An English hill sheep breed
exodermis,exodermis,Outer cell layer in roots
exodus,exodus,A mass departure
exogenous,exogenous,Produced outside an organism or system
exopterygota,exopterygota,Insects with external wing buds
exoskeleton,exoskeleton,Hard outer frame (e.g. insect shell)
exotic,exotic,Strange or foreign; non-native
expand,expand,To make bigger
expanded,expanded,Made bigger
expansion,expansion,Process of getting bigger
expect,expect,To wait for or anticipate
expedite,expedite,To speed up
expel,expel,To push out
expenditure,expenditure,Money spent
expense,expense,Cost or spending
expensive,expensive,Costing a lot of money
experiment,experiment,A test to find info
expert,expert,Person with great skill/knowledge
explain,explain,To make clear
explanation,explanation,Statement making something clear
explicit,explicit,Clear and direct
explode,explode,To burst violently
exploit,exploit,To use or take advantage of
exploitation,exploitation,Use or abuse
exploration,exploration,Searching a new area
explore,explore,To search a new area
explorer,explorer,One who explores
explosion,explosion,Violent bursting
explosive,explosive,Tending to explode; or the substance
export,export,Sending goods abroad for sale
exporter,exporter,One who sends goods abroad
exporters,exporters,Plural of exporter
exporting,exporting,Act of sending goods abroad
expose,expose,To uncover
exposure,exposure,Being uncovered or revealed
express,express,Fast; clear; or to squeeze out
expression,expression,Showing a trait or gene; a phrase
expulsion,expulsion,Pushing out
ext,ext,Prefix meaning outside
extend,extend,To lengthen or expand
extension,extension,Extra parts or time; advice service
extension-service,extension service,Advice and training for farmers
extensive,extensive,Covering a large area or scope
extensive-agriculture,extensive agriculture,Farming with low inputs over large area
extent,extent,Size or scale
exterior,exterior,The outside
exterminant,exterminant,Killing agent
exterminate,exterminate,To kill off completely
extermination,extermination,Complete killing off
external,external,Located on the outside
external-parasite,external parasite,Ectoparasite (e.g. flea)
extinct,extinct,No longer existing (species)
extinction,extinction,The end of a species
extra,extra,Additional; more than usual
extract,extract,To remove or pull out; a concentrate
extraction,extraction,The act of pulling out
extractive,extractive,Involving pulling out
extraordinary,extraordinary,Very unusual
extrapolate,extrapolate,To estimate by extending data
extreme,extreme,Very great; or far out
extremity,extremity,An end point; limb
extrinsic,extrinsic,Not part of the essential nature
extrovert,extrovert,Outgoing person
extrude,extrude,To push through a die/shape
extrusion,extrusion,Process of pushing through
exudate,exudate,Liquid ooze from an organism
exude,exude,To ooze out
eye,eye,Organ of sight; or a bud on a tuber
eyewash,eyewash,Liquid for cleaning eyes
eyt,EYT,Early Years Training
ez,ez,Prefix or type (context?)
fabric,fabric,Cloth or structure
face,face,Front of the head; to confront
facies,facies,Appearance of an organism or rock
facilitate,facilitate,To make easy
facility,facility,A building or capability
facing,facing,Layer on a surface
fact,fact,A true piece of info
factorial,factorial,Relating to factors
factory,factory,Building where goods are made
factory-farm,factory farm,"A farm where animals are kept in high concentrations, often indoors, throughout their lives."
facultative,facultative,Optional or flexible (of an organism)
faecal,faecal,Relating to excrement
faecal-egg-count,faecal egg count,Measure of parasite burden
faeces,faeces,Animal waste (dung)
failure,failure,Unsuccessful act or breakdown
faint,faint,Weak or slight
fair,fair,Reasonable; or a market/show
fairy-ring,fairy ring,Circular fungal growth in grass
faith,faith,Trust or belief
falcate,falcate,Sickle-shaped
falciform,falciform,Crescent or sickle-shaped
fall,fall,To drop; autumn (US)
fall-armyworm,Fall Armyworm,A highly aggressive and invasive caterpillar species that extensively damages maize fields.
fall-in,fall-in,Collapsed
fall-off,fall-off,Decrease
fall-out,fall-out,Dust from explosion; or result
fallen-animal,fallen animal,"An animal which dies on a farm of natural causes, or is killed but not for food."
fallow,fallow,The practice of letting a field rest without crops to restore its fertility.
fallow-deer,fallow deer,A medium-sized spotted deer
fallowing,fallowing,Practice of leaving land fallow
false,false,Not true; imitation
falsification,falsification,Making false records
fame,fame,Great reputation
family,family,A biological group above genus; kins
famine,famine,Extreme shortage of food
fan-muller,fan muller,A type of mill or fan
fancy,fancy,Elaborate or ornamental
fanning,fanning,Blowing air
fao,FAO,Food and Agriculture Organization (UN)
far,far,Distant
farad,farad,Unit of electrical capacitance
faradic,faradic,Relating to induced electricity
faraway,faraway,Very distant
farcy,farcy,Chronic form of glanders (skin sores)
farm,farm,Land and buildings for agriculture; to farm
farm-building,farm building,Structure on a farm (barn/shed)
farm-bureau,farm bureau,Agricultural organisation (US)
farm-business-tenancy,farm business tenancy,Modern UK farm rental agreement
farm-capital,farm capital,Assets used in farming
farm-clerk,farm clerk,Person keeping farm records
farm-equipment,farm equipment,Machinery and tools for farming
farm-management,farm management,Organising and directing a farm
farm-manager,farm manager,Person hired to run a farm
farm-nursery,farm nursery,Section for young plants/animals
farm-supervisor,farm supervisor,Person overseeing farm workers
farm-tenancy,farm tenancy,Agreement to rent a farm
farm-vehicle,farm vehicle,Vehicle used on a farm (e.g. tractor)
farmaco,farmaco,Prefix meaning drug/medicine
farmer,farmer,Person who owns or manages a farm
farmers-union-of-wales,Farmers’ Union of Wales,Welsh agricultural body (FUW)
farmhand,farmhand,Manual worker on a farm
farmhouse,farmhouse,Main house on a farm
farming,farming,The practice of agriculture
farmland,farmland,Land used for farming
farmo,farmo,Prefix or type (context?)
farmstead,farmstead,Farm buildings and their land
farmworker,farmworker,Person working on a farm
farmyard-manure,Farmyard manure,Decomposed mixture of dung and urine of farm animals along with litter and left over material from roughages or fodder fed to the cattle (FYM).
farrow,farrow,To give birth to piglets; a litter
farrowing,farrowing,The birth process in pigs
farrowing-crate,farrowing crate,Frame protecting piglets from being crushed
farrowing-house,farrowing house,Building where pigs give birth
farrowing-pen,farrowing pen,Stall for a farrowing sow
fars,Fars,A province in Iran
fascia,fascia,Fibrous tissue surrounding muscles
fasciation,fasciation,Abnormal flattening of stems
fasciola,fasciola,Liver fluke genus
fascioliasis,fascioliasis,Liver fluke disease
fast,fast,Quick; fixed; or to avoid food
fast-food,fast food,Quickly prepared and served food
fast-growing,fast-growing,Increasing in size rapidly
fasten,fasten,To join or fix firmly
fastener,fastener,Device used to join things
fastening,fastening,Action of joining
fat,fat,Oily substance in tissue; thick
fat-free,fat-free,Containing no fat
fat-lamb,fat lamb,Lamb ready for slaughter
fatal,fatal,Causing death
fatality,fatality,A death resulting from an accident/disease
fathom,fathom,Unit of water depth (6 feet)
fatigue,fatigue,Extreme tiredness
fatness,fatness,State of being fat
fatstock,fatstock,Animals fattened for slaughter
fatten,fatten,To make animals heavy for meat
fattened,fattened,Made heavy for meat
fattening,fattening,The process of gaining weight for meat
fattening-house,fattening house,Building for fattening stock
fattening-period,fattening period,The final stage of an animal's life when it is fed especially so as to increase its weight before slaughter.
fatty,fatty,Containing fat
fatty-acid,fatty acid,Acid found in fats/oils
fauces,fauces,The opening from mouth to throat
fault,fault,A mistake or crack
fauna,fauna,The animals found in a particular area.
favor,favor,Approval or preference (US)
favorable,favorable,Advantageous or positive (US)
favour,favour,Approval or preference (UK)
favourable,favourable,Advantageous or positive (UK)
fawn,fawn,A young deer; a pale brown colour
fc,FC,Forestry Commission (UK)
fd,FD,Farm Director
fe,Fe,Iron (chemical symbol)
fear,fear,Anticipation of danger
feasibility,feasibility,Likelihood of success
feasible,feasible,Able to be done successfully
feather,feather,One of the plumes covering a bird
feathered,feathered,Covered in feathers
feathering,feathering,Plume-like hair on a horse's legs
feature,feature,A characteristic or part
febrile,febrile,Relating to fever
fecal,fecal,Faecal (US spelling)
feces,feces,Faeces (US spelling)
fecund,fecund,Fertile or productive
fecundity,fecundity,Ability to produce offspring/fruit
fed,fed,Past of feed
federal,federal,Relating to a central government (US)
federation,federation,Group of organisations joined together
fee,fee,Price for a service
feed,feed,To give food; animal food
feed-bunk,feed bunk,A long trough for feeding stock
feed-converter,feed converter,Efficiency of turning food to meat
feed-efficiency,feed efficiency,Ratio of weight gain to feed intake
feed-grain,feed grain,Grain grown for animal feed
feed-house,feed house,Building for storing/preparing feed
feed-intake,feed intake,Amount of food consumed
feed-knob,feed knob,A control knob for feeding (machine)
feed-meal,feed meal,Ground feed mixture
feed-mill,feed mill,Place where animal feed is made
feed-out,feed out,To distribute feed to stock
feed-pelleting,feed-pelleting,Making compressed feed pellets
feed-pump,feed pump,Pump for fuel or liquid
feed-rack,feed rack,Support for holding hay/fodder
feed-roll,feed roll,Roller moving material in a machine
feed-trough,feed trough,Long container for feeding stock
feedback,feedback,Information about a result; hum
feeder,feeder,Person or device giving food
feedings,feedings,Acts of giving food
feedlot,feedlot,Intensive outdoor fattening yard (US)
feedstock,feedstock,Raw material for a process
feedstuff,feedstuff,Ingredient for animal feed
feet,Feet,A unit of length (12 inches).
feg,FEG,Federation of European Growers
fell,fell,To cut down a tree; a barren hill
felling,felling,Cutting down of trees
fellmonger,fellmonger,A person who buys sheepskins and prepares them for tanning.
fellow,fellow,A member or associate; a person
felon,felon,A serious criminal
felt,felt,Pressed fabric; past of feel
female,female,Organism that produces ova/fruit
female-animal,female animal,Animals of the female sex
femur,femur,The thigh bone
fence,fence,A barrier or boundary wall
fencepost,fencepost,Vertical support for a fence
fencing,fencing,The act of building fences; fences
fender,fender,A protection plate or screen
fenland,fenland,Low-lying marshy land
fennel,fennel,An aromatic herb
fentin,fentin,An organotin fungicide
fenugreek,fenugreek,An aromatic spice plant
feoff,feoff,To grant land (feudal)
feral,feral,Wild (formerly domesticated)
ferment,ferment,To undergo chemical breakdown via yeast
fermentation,fermentation,Process of fermenting
fermenter,fermenter,Vessel for fermentation
fern,fern,A flowerless vascular plant
ferocious,ferocious,Fierce or violent
ferret,ferret,A small domesticated polecat
ferric,ferric,Containing iron (tri-valent)
ferrous,ferrous,Containing iron (di-valent)
fertility,fertility,"The ability of soil to produce good crops, or of an animal to produce offspring."
fertilization,fertilization,Mating of gametes; adding nutrients
fertilize,fertilize,To impregnate; to add nutrients
fertilizer,fertilizer,Material adding nutrients to soil
fertilizer-application,fertilizer application,Act of applying fertiliser
fertilizer-distributor,fertilizer distributor,Machine that scatters fertiliser
fertilizer-placement,fertilizer placement,Positioning fertiliser for crops
fertilizer-practice,fertilizer practice,Method of applying fertiliser
fertilizer-spreader,fertilizer spreader,A machine for spreading fertilizer over an area of land.
fescue,fescue,A genus of grasses (Festuca)
festoon,festoon,A decorative chain or curve
festuca,Festuca,The fescue grass genus
fetal,fetal,Relating to a fetus
fetal-membrane,fetal membrane,Envelope around a fetus (e.g. placenta)
fetch,fetch,To go and get
feticide,feticide,Killing of a fetus
fetlock,fetlock,Joint above a horse's hoof
fetor,fetor,A strong foul smell
fetus,fetus,An unborn young animal
feu,FEU,Federation of European Universities
fever,fever,High body temperature due to illness
ffi,FFI,Flora and Fauna International
fia,FIA,Forestry Industry Association
fiber,fiber,Natural or synthetic thread (US)
fibre,fibre,Natural or synthetic thread (UK)
fibred,fibred,Having fibers
fibril,fibril,A tiny fiber
fibrillar,fibrillar,Relating to small fibers
fibrin,fibrin,Protein involved in blood clotting
fibrinogen,fibrinogen,Precursor to fibrin
fibroma,fibroma,A benign fibrous tumor
fibrosarcoma,fibrosarcoma,A malignant fibrous tumor
fibrosis,fibrosis,Excess fibrous tissue growth
fibrous,fibrous,Consisting of fibers
fibrous-root,fibrous root,A root system which is made up of many small roots instead of one large taproot.
fibrous-tissue,fibrous tissue,Tough connective tissue
fibula,fibula,The smaller of the two lower-leg bones
field,field,Area of land for crops/animals
field-bean,field bean,A broad bean variety grown for fodder
field-capacity,field capacity,Max water soil can hold after drainage
field-crop,field crop,Crop grown over large areas (e.g. wheat)
field-day,field day,Community farm event/show
field-drain,field drain,Underground water removal pipe
field-evaluation,field evaluation,Testing in real conditions
field-experiment,field experiment,A trial conducted in a field
field-glove,field glove,Work glove
field-house,field house,Building near fields; or a sports hall
field-manager,field manager,Person overseeing field tasks
field-mushroom,field mushroom,The common wild mushroom
field-pea,field pea,Pea variety grown for dry seed/fodder
field-trial,field trial,Test of seeds/pesticides in fields
field-trials,field trials,Experiments conducted in a field to test a variety of crop or a type of fertilizer.
field-unit,field-unit,A device or area unit
field-work,field work,"Work such as ploughing or harvesting which is done in fields, as opposed to work in a shed or office."
fielding,fielding,Catching or gathering; area
fieldwork,fieldwork,Practical tasks done in a field
fierce,fierce,Violent or intense
fiery,fiery,Like fire; hot or glowing
fifth,fifth,Ranking five or 1/5th
fig,fig,A sweet seeded fruit and tree
fight,fight,To struggle or battle
fighting,fighting,Engaging in battle
filament,filament,The stalk of a stamen; a thin wire
file,file,A tool for smoothing; or a dossier/data
filer,filer,One who files
filigree,filigree,Delicate decorative wirework
filling,filling,Stuffing or loading
filling-station,filling station,Place to get fuel
film,film,A thin layer; or a movie
film-forming,film-forming,Creating a thin layer
filter,filter,Device for cleaning liquid/gas
filter-bed,filter bed,Layer for filtering liquid waste
filter-cloth,filter cloth,Fabric used for filtering
filter-drain,filter drain,Drain filled with porous material
filter-paper,filter paper,Paper used for filtering
filter-pressing,filter pressing,Separating solids via pressure/filter
filter-pump,filter pump,Pump incorporating a filter
filtering,filtering,Removing particles via a screen
filtrate,filtrate,Liquid that has passed through a filter
filtration,filtration,The process of filtering
fin,fin,A flat limb for swimming
finance,finance,Management of large amounts of money
financial,financial,Relating to finance
financial-times,Financial Times,A business newspaper
financing,financing,Providing money for a project
finch,finch,A small songbird
finder,finder,Device or person that finds
finding,finding,A discovery or result
fine,fine,Small or high quality; or a penalty
fine-textured,fine-textured,Having a smooth or small grain
finery,finery,Ornament or decoration
finger,finger,A digit; or a machine prong
fining,fining,Clarifying a liquid
finish,finish,The end result; to complete
finished,finished,Completed; matured
finisher,finisher,Animal ready for slaughter
finishing,finishing,Final fattening period of livestock
finitary,finitary,Relating to finite things
finitesimal,finitesimal,Infinitely small
finnish-landrace,Finnish Landrace,A fertile sheep breed (Finnsheep)
fir,fir,An evergreen coniferous tree
fire,fire,Combustion; to set light to
fire-blight,fire blight,A severe bacterial disease of pome fruit
firebreak,firebreak,A gap in vegetation to stop fire
fireclay,fireclay,Heat-resistant clay
fired,fired,Burnt or heated; dismissed
fireplace,fireplace,Place for a fire in a building
fireproof,fireproof,Resistant to fire
firewood,firewood,Wood used for fuel
firing,firing,Heating; or dismissing
firkin,firkin,Small barrel (unit)
firm,firm,Steady or solid; a business
firming,firming,Pressing down soil around seeds/plants
firmness,firmness,State of being solid or steady
first,first,Coming before all others
first-aid,first aid,Initial medical help
firstfruits,firstfruits,The earliest harvest of a season
fish,fish,Aquatic vertebrate; to catch them
fish-culture,fish culture,The raising of fish (pisciculture)
fish-farm,fish farm,A place where fish are raised commercially for food.
fish-meal,Fish meal,"A commercial product made from fish and the bones and offal from processed fish, used as a fertilizer or animal feed."
fish-oil,fish oil,Oil extracted from fish
fish-pond,fish pond,Pond for raising fish
fish-protein,fish protein,Protein derived from fish
fisher,fisher,One who catches fish; or a mammal
fishery,fishery,A place for catching or breeding fish
fishing,fishing,The act of catching fish
fishmeal,fishmeal,Dried ground fish used as feed/fertiliser
fissile,fissile,Able to be split
fission,fission,Splitting apart (e.g. cells or atoms)
fissionable,fissionable,Able to undergo fission
fistula,fistula,"An abnormal passage in the body, or a man-made opening into an animal's stomach for research purposes."
fit,fit,Healthy; or suitable; a seizure
fitness,fitness,State of being healthy or suitable
fix,fix,To attach; or repair; or set
fixation,fixation,Conversion of gas to stable form (e.g. nitrogen)
fixative,fixative,Substance that stabilises
fixed,fixed,Not moving or changing
fixed-costs,fixed costs,Overhead costs that don't vary with output
fixed-nitrogen,fixed nitrogen,Nitrogen converted to a usable form
fixing,fixing,Attaching or stabilising
flag,flag,The top leaf of a cereal (flag leaf); a banner
flag-leaf,flag leaf,Final leaf produced by a cereal plant
flagellon,flagellon,Relating to flagella
flagellum,flagellum,A long whip-like cell structure for motion
flam,flam,A type or fraud (context?)
flame,flame,A hot glowing gas from fire
flame-cultivation,flame cultivation,Weed control using flames
flame-weeder,flame weeder,Tool for burning weeds
flammable,flammable,Able to catch fire easily
flandern,flandern,Flanders (region)
flange,flange,A projecting rim on a wheel or pipe
flank,flank,The side of an animal body
flannel,flannel,Soft woven fabric
flap,flap,A flat covering; to move up/down
flare,flare,A bright burst of light; to widen
flaring,flaring,Widening or burning brightly
flash,flash,A sudden bright light or brief time
flash-freezing,flash freezing,Extremely rapid freezing
flash-point,flash point,Temperature where a liquid ignites
flask,flask,A narrow-necked bottle
flat,flat,Level or smooth; a low tire
flattock,flattock,A type of field or area (context?)
flatulence,flatulence,Gas in the gut
flatworm,flatworm,A flat parasitic worm (e.g. fluke)
flavedo,flavedo,Outer coloured part of a citrus rind
flavour,flavour,Taste and aroma
flavouring,flavouring,Adding flavour
flax,flax,Plant grown for fiber (linen) and oil (linseed)
flaxseed,flaxseed,Linseed
flea,flea,A small wingless jumping insect parasite
flea-beetle,flea beetle,A small jumping beetle pest of crops
fleece,fleece,The wool covering of a sheep
fleece-head,fleece-head,Head covered in wool
fleece-rott,fleece rott,Bacterial decay of wool on a live sheep
fleeced,fleeced,Having a fleece
fleet,fleet,A group of vehicles or ships
flesh,flesh,Muscle and fat; meat
fleshing,fleshing,The state of muscular development
fleshy,fleshy,Thick and pulpy (of fruits/leaves)
flex,flex,An electric cable; to bend
flexible,flexible,Able to bend without breaking
flexing,flexing,Bending
flexion,flexion,Action of bending a joint
flexor,flexor,A muscle that bends a joint
flight,flight,Act of flying; or escape
flimb,flimb,A type or part (context?)
flimsy,flimsy,Weak or light
flint,flint,A hard grey rock
flint-maize,flint maize,Maize with very hard kernels
flitch,flitch,A side of bacon
float,float,To stay on liquid; a buoyant device
floating,floating,Buoyant or not fixed
floating-garden-cultivation,Floating Garden Cultivation,"An innovative technique of growing plants on buoyant organic rafts, characteristic of Inle Lake."
flock,flock,A group of sheep or birds
flock-book,flock book,Registry of purebred sheep
flockmaster,flockmaster,Owner or manager of a flock
flog,flog,To whip; or sell aggressively
flood,flood,Excess water covering land
flood-plain,flood plain,"The wide flat area of land on either side of a river, which is liable to be flooded."
flooding,flooding,State of being flooded
floodplain,floodplain,Flat land near a river prone to flooding
floor,floor,Bottom surface of a room
flora,flora,The plant life of an area
floral,floral,Relating to flowers
florence,florence,A city in Italy
floret,floret,A small individual flower in a cluster
floriculture,floriculture,The cultivation of flowers
florist,florist,A person who sells flowers
floscule,floscule,A small flower (floret)
floss,floss,Fine silky fibers
flotation,flotation,Floating; or launching a company
flour,flour,Powder from ground grain
flour-mill,flour mill,Place where grain is ground to flour
flour-milling,flour milling,Process of making flour
flow,flow,'Movement of liquid or gas; to move'
flowchart,flowchart,Diagram showing a process sequence
flower,flower,The reproductive organ of a plant
flower-bud,flower bud,A bud that will become a flower
flowerbed,flowerbed,An area of ground for flowers
flowered,flowered,Having flowers
flowering,flowering,The state or time of blooming
flowering-plant,flowering plant,A plant that produces flowers (angiosperm)
flowerpot,flowerpot,A container for growing a plant
flu,flu,Influenza (viral illness)
flucloxacillin,flucloxacillin,An antibiotic drug
fluctuant,fluctuant,Changing or unsteady
fluctuate,fluctuate,To rise and fall irregularly
fluctuation,fluctuation,Irregular change
flue,flue,Pipe for smoke/gas; a type of fly
flue-cured,flue-cured,Dried using heated air pipes (tobacco)
fluent,fluent,Flowing or skilled in speech
fluid,fluid,A liquid or gas
fluke,fluke,A parasitic worm of the liver or gut
flunixin,flunixin,An anti-inflammatory drug
fluor,fluor,Fluorescence; or a mineral
fluoride,fluoride,A chemical ion or compound
fluorine,fluorine,A gaseous chemical element
fluorite,fluorite,A mineral of calcium fluoride
flurb,flurb,A type or term (context?)
flush,flush,To cleanse; fresh growth; or to mate
flushing,flushing,Improving nutrition before mating to boost fertility
flute,flute,A groove; or a musical pipe
fly,fly,A two-winged insect (Diptera); to travel by air
fly-boss,fly boss,A type of fly or pest
fly-fishing,fly fishing,Fishing with artificial flies
fly-strike,fly strike,Blowfly infestation on live animals
flycatcher,flycatcher,A bird that eats flies
flying,flying,Moving through the air
flying-flock,flying flock,A temporary flock bought for fattening
flystrike,flystrike,An infestation with blowfly larvae which hatch in the fleece of sheep and burrow into the skin.
fmit,fmit,A name or type (context?)
foal,foal,A young horse or donkey; to give birth
foaling,foaling,The act of giving birth in horses
foam,foam,A mass of small bubbles
fodder,fodder,"Food specifically provided for livestock, such as hay or grain."
fodder-beet,fodder beet,A root crop grown for animal feed
fodder-crop,fodder crop,Crop grown specifically for animal feed
fodder-grain,fodder grain,Grain grown for animal feed
fodder-pea,fodder pea,Pea variety used for animal feed
foetus,foetus,Unborn young (UK spelling)
fog,fog,Thick mist; to apply fine spray
foggage,foggage,Autumn grass kept for winter grazing
fogger,fogger,Machine that creates a fine mist
fogging,fogging,Applying a fine mist (e.g. pesticide)
fohn,fohn,A warm dry mountain wind
foil,foil,Thin metal sheet
fold,fold,To double over; a pen for sheep
folding,folding,Grazing sheep in movable pens
foley,foley,A name or type (context?)
foliage,foliage,The leaves of a plant
foliar,foliar,Relating to leaves
foliar-application,foliar application,Applying chemicals straight to leaves
foliar-feed,foliar feed,Fertiliser applied to leaves
foliar-feeding,foliar feeding,The act of applying foliar feed
foliar-nutrient,foliar nutrient,Nutrient applied to leaves
folic-acid,folic acid,A B-vitamin nutrient
folio,folio,A sheet of paper; or a book size
folle,folle,A name or type (context?)
follicle,follicle,A small secretory cavity or sac (e.g. in ovary)
follicle-stimulating-hormone,follicle stimulating hormone,Hormone aiding reproduction (FSH)
follow,follow,To come after
follower,follower,Younger animal following adults; or a fan
following,following,Coming after
fomes,fomes,A genus of bracket fungi
fond,fond,Having a liking for
fondue,fondue,A melted cheese/chocolate dish
fontanelle,fontanelle,Soft spot on a young skull
food,food,Substance eaten for nutrition
food-additive,food additive,Substance added to food
food-chain,food chain,Sequence of organisms eating each other
food-crop,food crop,Crop grown for human consumption
food-poisoning,food poisoning,Illness from contaminated food
food-safety,Food safety,"A scientific discipline describing handling, preparation, and storage of food in ways that prevent food-borne illness."
food-security,food security,Availability and access to food
food-web,food web,Complex network of food chains
foodstuff,foodstuff,A substance used as food
foot,foot,Bottom part of a leg; a unit (12 inches)
foot-and-mouth-disease,foot-and-mouth disease,A severe viral disease of cloven-hoofed animals
foot-bath,foot-bath,Tray of chemical for cleaning animal feet
foot-step,foot-step,A step or footfall
foot-warm,foot-warm,Keeping feet warm
footage,footage,A length in feet; or film
footbath,footbath,A shallow container with a chemical solution which animals walk through to kill bacteria on their feet.
footpath,footpath,A track for walking
footrot,footrot,A bacterial infection of animal feet
for,for,Intended to be used by
forage,forage,Bulky food (grass/hay/silage); to search for it
forage-crop,forage crop,Crop grown for animal grazing/feed
forage-harvester,forage harvester,Machine that cuts and collects forage
foraging,foraging,Searching for or eating forage
foramen,foramen,A natural opening (e.g. in bone)
force,force,Strength or power; to compel
forecast,forecast,A prediction (e.g. weather/yield)
forecasting,forecasting,The act of predicting
foreclose,foreclose,To take property back for unpaid debt
foreign,foreign,From another country
forelimb,forelimb,A front leg
foreman,foreman,Person overseeing workers
foremast,foremast,The front mast of a ship
forenoon,forenoon,Morning
forequarter,forequarter,Front half of a carcass side
forer,forer,One who goes before
foresight,foresight,Planning for the future
forest,forest,Large area covered by trees
forested,forested,Covered in trees
forester,forester,Person who manages a forest
forestry,forestry,The science of managing forests
forestry-commission,Forestry Commission,UK government body for forests
foretop,foretop,Part of a horse's mane on the forehead
forge,forge,To make metal items by heating/hammering
forger,forger,One who forges
forget,forget,To fail to remember
forging,forging,The process of metalwork in a forge
fork,fork,A tool with prongs; a branch
form,form,Shape or type; a document
formal,formal,Official or conventional
formaldehyde,formaldehyde,A disinfectant and preservative gas/liquid
formalin,formalin,Formaldehyde solution in water
formate,formate,A salt of formic acid
formation,formation,The act of forming or an arrangement
formic-acid,formic acid,Acid found in ants and used as preservative
formulate,formulate,To create or prepare
formulation,formulation,The mix or preparation
forward,forward,Towards the front
forward-trade,forward trade,Trading for future delivery
forwards,forwards,Towards the front
foss,foss,A ditch or waterfall (dialect)
fossil,fossil,Remains of ancient life in rock
fossil-fuel,fossil fuel,Energy from ancient life (coal/oil)
foster,foster,To rear another's offspring
foster-mother,foster mother,Animal rearing offspring not its own
foul,foul,Disgusting or dirty; unfair
foul-brood,foul brood,A bacterial disease of honeybee larvae
foundation,foundation,The base or start
foundation-seed,foundation seed,High-quality seed for further increase
foundry,foundry,Place where metal is cast
fount,fount,A source or fountain
fountain,fountain,A spring or jet of water
four,four,The number 4
four-course-rotation,four-course rotation,Traditional sequence (roots/barley/clover/wheat)
four-wheel-drive,four-wheel drive,Vehicle driving all wheels (4WD)
four-wheel-drive-2,four-wheel-drive,Referring to a vehicle where all four wheels are driven by the engine. Abbr 4WD.
fourth,fourth,Ranking four or 1/4th
fowl,fowl,Domestic birds (e.g. chickens/turkeys)
fowl-cholera,fowl cholera,A bacterial disease of poultry
fowl-paralysis,fowl paralysis,Marek's disease (a viral disease)
fowl-pest,fowl pest,A viral disease (Newcastle or Bird Flu)
fowl-pox,fowl pox,A viral skin disease of poultry
fowl-typhoid,fowl typhoid,A bacterial disease of poultry
fox,fox,A wild canine predator (a pest of poultry)
foxglove,foxglove,A tall flowering plant (Digitalis)
foyle,Foyle,A river/lough in Ireland
fracture,fracture,A break in a bone
fragile,fragile,Easily broken
fragility,fragility,Quality of being fragile
fragment,fragment,A small piece
fragmentation,fragmentation,Breaking into pieces
fragrance,fragrance,A pleasant smell
fragrant,fragrant,Having a pleasant smell
frame,frame,A static support; a picture enclosure
framework,framework,A supporting structure
france,France,A country in Europe
franchise,franchise,Right to trade under a brand
francium,francium,A radioactive metal element
frangi,frangi,A name or type (context?)
frank,frank,Honest or clear; to post for free
frat,Frat,A name or type (context?)
fraud,fraud,Dishonest action for profit
freak,freak,Very unusual or abnormal
freckle,freckle,A small brown skin spot
free,free,At no cost; not confined
free-market,free market,Market with minimal government control
free-range,free-range,Animals allowed to roam outdoors
free-trade,free trade,International trade without taxes/tariffs
freeboard,freeboard,Space between water and edge
freehold,freehold,Ownership of land/property
freeholder,freeholder,One who owns a freehold
freelance,freelance,Working independently
freemartin,freemartin,A female calf which is born as a twin with a male and is usually sterile.
freer,freer,More free
freestone,freestone,Fruit with a stone that detaches easily
freeze,freeze,To turn to ice; to stop action
freeze-drying,freeze-drying,Dehydrating food while frozen
freezer,freezer,Appliance for keeping things frozen
freezing,freezing,Turning liquid to solid via cold
freezing-plant,freezing plant,Facility for industrial freezing
freezing-point,freezing point,Temperature at which a liquid freezes
freight,Freight,Goods carried by transport
french,French,Language or people of France
french-alpine,French Alpine,A breed of dairy goat
french-bean,French bean,A green edible bean (Phaseolus)
french-fry,French fry,Deep-fried potato strip (US)
frequency,frequency,How often something happens
frequent,frequent,Happening often
fresh,fresh,New; not frozen or rotten
freshener,freshener,Something that makes fresh
freshly,freshly,Newly or recently
freshwater,freshwater,Water without salt
fridge,fridge,Refrigerator (short form)
friend,friend,An ally or associate
friesian,Friesian,A black-and-white dairy cattle breed
friesland,Friesland,A name for certain dairy sheep/cattle
friezell,friezell,A name or type (context?)
fringe,fringe,An edge or border
frit-fly,frit fly,A pest of young cereals
frizz,frizz,To curl tightly
frog,frog,An amphibian; or a horse's hoof part; or a tool part
frog-eye,frog eye,A fungal leaf spot disease
from,from,Indicating origin
frond,frond,The leaf of a fern or palm
frondage,frondage,The collective fronds/leaves
front,front,The side that faces forward
frontage,frontage,The front side of a property
frontal,frontal,Relating to the front
frost,frost,Frozen dew or ice crystals
frost-hardy,frost hardy,Referring to a plant which can withstand frost.
frost-pocket,frost pocket,A low-lying area where cold air collects and where frost is more likely to occur than on higher ground.
frost-resistance,frost resistance,Ability to withstand freezing
frosted,frosted,Covered in frost; damaged by frost
frosting,frosting,Formation of frost; or icing
fructose,fructose,Fruit sugar
fructuation,fructuation,Bearing fruit
frugivorous,frugivorous,Fruit-eating
fruit,fruit,The seed-bearing part of a plant; to yield it
fruit-bed,fruit bed,An area for growing fruit
fruit-bud,fruit bud,A bud that will become fruit
fruit-cage,fruit cage,Netting structure protecting fruit from birds
fruit-drop,fruit drop,Premature falling of fruit
fruit-fly,fruit fly,A small fly causing fruit rot
fruit-grower,fruit grower,Person who farms fruit
fruit-house,fruit house,A greenhouse for fruit
fruit-juice,fruit juice,Liquid from pressed fruit
fruit-set,fruit set,Success of flowers becoming fruit
fruit-space,fruit space,Room for fruit; or a gap
fruit-tree,fruit tree,A tree grown for its fruit
fruitarian,fruitarian,Person eating mainly fruit
fruited,fruited,Having fruit
fruiter,fruiter,Plant yielding fruit; or a dealer
fruitfull,fruitfull,Yielding much fruit
fruiting,fruiting,The act of producing fruit
fruition,fruition,Completion or bearing fruit
fruitlet,fruitlet,A small or immature fruit
fruitling,fruitling,A young fruit
fruitwood,fruitwood,Wood from fruit trees
fruitwork,fruitwork,Tasks in fruit farming
frutex,frutex,A shrub (Latin)
fruticose,fruticose,Shrub-like
fsh,fsh,Follicle Stimulating Hormone
ft,FT,Financial Times
fta,FTA,Free Trade Agreement
ftse,FTSE,Stock market index (UK)
fuck,fuck,Slang (offensive)
fucose,fucose,A type of sugar
fuel,fuel,Material burnt for energy
fuel-injection,fuel-injection,System injecting fuel into an engine
fuel-oil,fuel oil,Heavy oil used as fuel
fuel-tank,fuel tank,Container for fuel
fugle,fugle,A name or type (context?)
fugue,fugue,A state of loss of identity; or music
full,full,Containing as much as possible
full-blood,full-blood,Purebred (often of Wagyu)
full-mouth,full mouth,Referring to an animal which has all its permanent teeth.
full-time,FULL-TIME,Working the whole legal week
fullbloom,fullbloom,State of all flowers being open
fumarate,fumarate,A salt of fumaric acid
fumaric-acid,fumaric acid,An acid used in food/pharma
fume,fume,Strong-smelling gas or smoke
fumigant,fumigant,A gaseous pesticide/disinfectant
fumigate,fumigate,To treat with smoke/fumes
fumigation,fumigation,Process of fumigating
func,func,Function (abbrev)
function,function,Purpose or role; to work
functional,functional,Working or useful
fund,fund,A store of money; to finance
fund-manager,fund manager,Person overseeing an investment fund
fundamental,fundamental,Core or basic
funds,funds,Money available for use
fungal,fungal,Relating to fungi
fungi,fungi,Kingdom of organisms (mould/mushrooms)
fungicidal,fungicidal,Killing fungi
fungicide,fungicide,A substance formulated to eliminate or inhibit fungal growth.
fungistatic,fungistatic,Inhibiting fungal growth
fungoid,fungoid,Like a fungus
fungology,fungology,The study of fungi (mycology)
fungous,fungous,Relating to or caused by fungi
fungus,fungus,A single fungus (mould/mushroom)
funicle,funicle,The stalk of a plant ovule
funiculus,funiculus,Spinal cord cord-like part
funnel,funnel,A cone-shaped pipe for pouring
fur,fur,Dense hair of a mammal
fur-clad,fur-clad,Wearing or covered in fur
furan,furan,A chemical compound
furbish,furbish,To polish or renew
furlough,furlough,Leave of absence
furnace,furnace,An enclosed high-heat space
furniture,furniture,Moveable household items
furrow,furrow,A long trench in the ground made by a plow
furrow-organ,furrow organ,A part of an insect (context?)
furrow-slice,furrow slice,The strip of soil turned by a plough
furrow-wheel,furrow wheel,Plough wheel running in the furrow
furrower,furrower,Device making furrows
furrowing,furrowing,Act of making furrows
furry,furry,Covered in fur
further,further,More distant or additional
furtherance,furtherance,Advancement or promotion
fury,fury,Wild anger
furze,furze,Gorse (shrub)
fusarium,fusarium,A genus of pathogenic fungi (wilts/rots)
fusarium-wilt,fusarium wilt,A fungal disease of many plants which causes them to wither and die.
fuse,fuse,Safety device for electricity; to join
fusible,fusible,Able to be melted
fusiform,fusiform,Spindle-shaped (tapered at ends)
fusion,fusion,Joining together
fuss,fuss,Unnecessary excitement/worry
future,future,Time yet to come
futures,futures,Contracts for future delivery/price
fuzz,fuzz,Soft downy hair or fiber
fuzzy,fuzzy,Covered in fuzz; blurred
gab,gab,Prefix or type (context?)
gadfly,gadfly,A fly that bites livestock; annoying person
gadget,gadget,A small useful tool
gaff,gaff,A hooked pole; a mistake
gaffer,gaffer,A boss or old man; lighting tech
gag-bite,Gag-bite,A gag for animals (context?)
gage,gage,A measure (US gauge); or a plum
gail,gail,A name or type (context?)
gain,gain,To get or increase
gal,gal,Gallon (abbrev)
gala,gala,A festive celebration/show
galaxy,galaxy,A system of stars; or a large group
galbanum,galbanum,An aromatic resin
gale,gale,A very strong wind
gall,gall,Tumour on a plant caused by pests; an irritant
gall-bladder,gall-bladder,Organ storing bile
gall-insect,gall-insect,Insect causing plant galls
gallant,gallant,Brave or noble
gallem,gallem,A name or type (context?)
galleon,galleon,A large sailing ship
galler,galler,One who makes galls
gallery,gallery,A long room; or insect tunnel in wood
gallet,gallet,Small stone chip
galley,galley,Ship's kitchen; or ancient ship
gallic,gallic,Relating to Gaul or France
galliformes,Galliformes,Order of heavy-bodied ground-feeding birds (chickens)
galling,galling,Formation of galls
gallnut,gallnut,A gall appearing on oak trees
gallon,gallon,A unit of liquid volume (4.54L UK / 3.78L US)
gallop,gallop,The fastest horse gait
galloway,galloway,A hardy Scottish beef cattle breed
gallstone,gallstone,A stone formed in the gall bladder
galoot,galoot,A clumsy person
galop,galop,A lively dance
galore,galore,In abundance
galvanic,galvanic,Relating to electric currents from chemicals
galvanise,galvanise,To coat metal with zinc; to stimulate
galvanised,galvanised,Coated with zinc
galvanised-iron,galvanised iron,Iron coated with zinc for protection
galvanometer,galvanometer,Machine measuring small electric currents
gam,gam,Prefix relating to marriage/gametes
gamete,gamete,A reproductive cell (e.g. soap or egg cell).
gametes,gametes,Sex cells (sperm/egg)
gamma,gamma,Third letter of Greek alphabet
gamma-benzene-hexachloride,gamma benzene hexachloride,An insecticide (lindane)
gamma-bhc,gamma BHC,An organochlorine insecticide used against many pests.
gamma-irradiation,gamma irradiation,Treatment with gamma rays
gamma-ray,gamma ray,High-energy radiation
gamone,gamone,A chemical signal for mating
gand,gand,Prefix or type (context?)
gander,gander,An adult male goose
gang,gang,A group of workers; or coordinated machines
ganglion,ganglion,A mass of nerve cell bodies
gangrene,gangrene,Death of body tissue from lack of blood/infection
gangue,gangue,Waste material in ore
gap,gap,An opening or break
gap-filler,gap filler,Item/method to close a gap
gape,gape,To open the mouth wide; a disease of poultry
gapes,gapes,Respiratory disease of birds caused by gapeworm
gapeworm,gapeworm,A parasitic worm of the bird windpipe
garbanzo,garbanzo,Chickpea
garden,garden,Area of land for flowers/veg; to farm it
gardener,gardener,Person who works in a garden
gardenia,gardenia,A fragrant white flowering shrub
gardening,gardening,The act of tending a garden
garland,garland,A flower wreath or chain
garlic,garlic,A plant with a strong-smelling bulb prized for its culinary flavors and therapeutic properties.
garment,garment,An item of clothing
garnet,garnet,A red mineral gemstone
garnish,garnish,A decoration for food
garret,garret,An attic room
gas,gas,A fluid substance like air
gas-permeable,gas-permeable,Allowing gas to pass through
gaseous,gaseous,In the form of a gas
gasification,gasification,Converting a solid/liquid to gas
gasket,gasket,A seal between two surfaces
gasohol,gasohol,Fuel mix of petrol and alcohol
gasoline,gasoline,Petrol (US)
gasometer,gasometer,Tank for storing or measuring gas
gasp,gasp,To struggle for breath
gassing,gassing,Treatment with gas; or leaking gas
gaster,gaster,The abdomen of an insect
gastrectomy,gastrectomy,Removal of the stomach
gastric,gastric,Relating to the stomach
gastric-juice,gastric juice,Digestive fluid in the stomach
gastrin,gastrin,A hormone stimulating stomach acid
gastritis,gastritis,Inflammation of the stomach lining
gastro,gastro,Prefix meaning stomach
gastroenteritis,Gastroenteritis,Inflammation of the stomach and intestines
gastrointestinal,gastrointestinal,Relating to the gut
gastronomy,gastronomy,The art of good eating
gastropod,gastropod,Snail or slug class
gastrotomy,gastrotomy,Cutting into the stomach
gate,gate,Movable barrier in a fence or wall
gate-lodge,gate lodge,A gatehouse
gated,gated,Having a gate
gatefold,gatefold,A folded page opening out
gatehouse,gatehouse,Small house at a gate
gateway,gateway,Opening for a gate; way in
gatt,GATT,General Agreement on Tariffs and Trade (WTO precursor)
gauge,gauge,A measure or thickness; to measure
gaur,gaur,A large Indian wild ox
gauze,gauze,Thin transparent fabric; wire mesh
gavial,gavial,A long-snouted Indian crocodile (gharial)
gd,GD,Gross Domestic (as in GDP)
gdp,GDP,Gross Domestic Product
ge,GE,Genetic Engineering
gear,gear,Cogwheel; equipment; or a speed setting
gearbox,gearbox,Housing for a set of gears
gearing,gearing,A set or ratio of gears; finance leverage
gearshift,gearshift,Lever for changing gears
geese,geese,Plural of goose
gel,gel,A semi-solid jelly-like substance
gelatin,gelatin,Protective protein from bones/hide
gelatinase,gelatinase,Enzyme breaking down gelatin
gelatinization,gelatinization,Process of turning into jelly
gelatinize,gelatinize,To turn into a jelly
gelatinous,gelatinous,Like jelly
gelding,gelding,A castrated male horse
gelid,gelid,Extremely cold
gem,gem,A precious stone or jewel
gemma,Gemma,A bud or asexual propagule (moss/liverwort)
gemmule,gemmule,A reproductive spore or bud
gen,gen,Prefix meaning birth or origin
gender,gender,Sex (male/female)
gene,gene,A unit of heredity on a chromosome
gene-bank,gene bank,Storage of genetic material (seeds/DNA)
gene-cloning,gene cloning,Making copies of a gene
gene-expression,gene expression,Process where gene info affects organism
gene-flow,gene flow,Transfer of genes between populations
gene-frequency,gene frequency,Measure of a gene in a population
gene-mapping,gene mapping,Identifying gene locations on chromosomes
gene-pool,gene pool,Total genes in a population
gene-splicing,gene splicing,Cutting and joining DNA parts
gene-therapy,gene therapy,Treating disease by gene modification
gene-word,gene-word,A word or term (context?)
genera,genera,Plural of genus
general,general,Common or main; a high rank
generalised,generalised,Vague or wide-ranging
generate,generate,To produce or create
generation,generation,Offspring of a single age; production
generator,generator,Machine creating electricity
genes,genes,Plural of gene
genetic,genetic,Relating to genes or heredity
genetic-code,genetic code,Rules for DNA info
genetic-counseling,genetic counseling,Advice on inherited traits
genetic-diversity,genetic diversity,Variety of genes in a species
genetic-drift,genetic drift,Random change in gene frequency
genetic-engineering,genetic engineering,Deliberate modification of genes
genetic-fingerprinting,genetic fingerprinting,DNA ID method
genetic-modification,genetic modification,Changing an organism's genes (GM)
genetic-variation,genetic variation,Differences in genes between individuals
genetical,genetical,Genetic
geneticist,geneticist,A scientist studying genes
genetics,genetics,The study of heredity and the variation of inherited characteristics
geneva,Geneva,A city in Switzerland
geniculum,geniculum,A bent joint (knee-like)
genital,genital,Relating to reproductive organs
genitalia,genitalia,The reproductive organs
genome,genome,Full set of genetic info in an organism
genomics,genomics,The study of genomes
genotype,genotype,The specific genetic makeup of an individual
genteel,genteel,Polite or refined
gentian,gentian,A blue-flowered medicinal plant
gentle,gentle,Mild or quiet
genu,genu,The knee
genus,genus,Biological group above species
geo,geo,Prefix meaning Earth
geochemistry,geochemistry,Chemistry of the Earth's crust
geochronology,geochronology,Dating of Earth's materials
geodesy,geodesy,Measurement of the Earth's size/shape
geographical,geographical,Relating to geography
geography,geography,The study of places and Earth's features
geologic,geologic,Relating to geology
geological,geological,Relating to geology
geological-survey,Geological Survey,Organisation mapping geology
geology,geology,The study of Earth and rocks
geometric,geometric,Relating to geometry/shapes
geometry,geometry,The math of shapes and space
geomicrobiology,geomicrobiology,Study of microbes in Earth processes
geomorphology,geomorphology,Study of landforms
geophysics,geophysics,The physics of the Earth
geosphere,geosphere,Solid parts of the Earth
geostatic,geostatic,Relating to Earth's pressure
geostatics,geostatics,Study of Earth's static forces
geostrophic,geostrophic,Relating to wind and Earth's rotation
geosynchronous,geosynchronous,Matching Earth's rotation (satellites)
geotechnical,geotechnical,Relating to earth engineering
geothermal,geothermal,Heat from within the Earth
geotropic,geotropic,Moving or growing due to gravity (geotropism)
geotropism,geotropism,Plant growth response to gravity
ger,ger,Prefix or type (context?)
geranium,geranium,A flowering plant (Pelargonium)
gerbil,gerbil,A small desert rodent (pet)
germ,germ,A microbe; or a reproductive unit/embryo
germ-plasm,germ plasm,Genetic material (seeds/cells)
germane,germane,Relevant or fitting
germanium,germanium,A greyish-white metal element
germany,Germany,A country in Europe
germicidal,germicidal,Killing germs
germicide,germicide,Substance that kills germs
germinal,germinal,Relating to germs or early states
germinate,germinate,To begin to grow (of seeds/spores)
germination,germination,The initial phase when a seed begins to sprout and grow.
germination-percentage,germination percentage,Proportion of seeds that sprout
germination-test,germination test,Testing seed sprout success
germinative,germinative,Relating to germination
germplasm-bank,germplasm bank,Gene bank
gestate,gestate,To carry young in the womb
gestating,gestating,State of being pregnant
gestation,gestation,The period of pregnancy
gestation-period,gestation period,Duration of pregnancy
get,get,To obtain or understand; offspring (dialect)
ghat,ghat,Steps to a river; or a hill pass
ghee,ghee,Clarified butter used in Indian cooking
gherkin,gherkin,A small pickled cucumber
gibberellin,gibberellin,A plant growth hormone
gibbon,gibbon,A small ape
gibe,gibe,A taunt or insult
gid,GID,General Import Document (context?)
gigabyte,gigabyte,Unit of computer data
gill,gill,Breathing organ of fish; or a fungus part; a measure
gilt,gilt,A young female pig before her first litter
gin,gin,A machine for cleaning cotton; a spirit drink
ginger,ginger,"A warm-climate plant harvested for its pungent, aromatic root used in spices and teas."
ginner,ginner,Person or machine that gins cotton
ginning,ginning,Process of cleaning cotton fiber
gipsy,gipsy,Gypsy (alternative spelling)
giraffe,giraffe,A tall long-necked African mammal
girder,girder,A large structural beam
gisella,Gisella,A cherry rootstock
gist,gist,The main point
gizzard,gizzard,The thick-walled muscular part of a bird's stomach for grinding food.
glacial,glacial,Relating to glaciers or ice
glaciation,glaciation,Formation or spread of glaciers
glacier,glacier,A slow-moving mass of ice
gladiolus,gladiolus,A tall flowering bulb plant
gland,gland,An organ secreting substances (e.g. hormone)
glanders,glanders,A fatal bacterial disease of horses
glandular,glandular,Relating to glands
glass,glass,Transparent hard material
glasshouse,glasshouse,A greenhouse
glauconite,glauconite,A green silicate mineral
glaze,glaze,A shiny coating; or thin ice
glean,glean,To gather remaining grain after harvest
gleaning,gleaning,The act of gathering leftovers
glebe,glebe,Land belonging to a parish church
glen,Glen,A narrow valley
glider,Glider,A non-powered aircraft
gliding,gliding,Flying without an engine
glime,glime,A type or term (context?)
globe,globe,The Earth; or a sphere
globe-artichoke,globe artichoke,A thistle-like edible vegetable
globulin,globulin,A type of protein in blood/plants
glomerella,Glomerella,A fungal pathogen genus
glomerulus,glomerulus,A network of capillaries in the kidney
gloss,gloss,Shine; or an explanation
glosser,glosser,One who glosses
glossy,glossy,Shiny and smooth
gloucester,Gloucester,A breed of cattle or pig
gloucester-old-spots,Gloucester Old Spots,An English breed of spotted pig
glove,glove,Hand covering
glow,glow,To shine with heat; a soft light
glucagon,glucagon,A hormone raising blood sugar
glucide,glucide,A carbohydrate (French term)
glucocorticoid,glucocorticoid,A steroid hormone
gluconeogenesis,gluconeogenesis,Producing glucose from non-carbohydrates
gluconic-acid,gluconic acid,Acid derived from glucose
glucoprotein,glucoprotein,Glycoprotein
glucose,glucose,A simple sugar (energy source)
glucoside,glucoside,A sugar derivative
glucosuria,glucosuria,Sugar in the urine
glume,glume,Husk or bract of a grass flower/grain
glumella,glumella,Small glume
glut,glut,An oversupply or surplus
gluteal,gluteal,Relating to the buttock muscles
gluten,gluten,Protein in wheat contributing to dough elasticity
gluten-free,gluten-free,Containing no gluten
glutinous,glutinous,Sticky and glue-like
glyceride,glyceride,A fat molecule
glycerine,glycerine,Glycerol (sweet clear liquid)
glycerol,glycerol,A sweet syrupy alcohol
glycine,glycine,A simple amino acid
glycogen,glycogen,Starch-like energy store in animals
glycogenesis,glycogenesis,Formation of glycogen
glycol,glycol,An antifreeze chemical (ethylene glycol)
glycolipid,glycolipid,Fate molecule containing sugar
glycolysis,glycolysis,Metabolic breakdown of glucose
glycoprotein,glycoprotein,Protein containing sugar
glycoside,glycoside,Sugar-bonded compound (e.g. digitoxin)
glyphosate,glyphosate,A widely used non-selective herbicide
gm,gm,Gram (abbrev); or Genetic Modification
gmc,GMC,Genetic Modification Commission
gme,GME,Genetic Modification Expert
gmo,GMO,Genetically Modified Organism.
gmt,GMT,Greenwich Mean Time
gnat,gnat,A tiny biting/flying insect
gneiss,gneiss,A coarse metamorphic rock
gnome,gnome,A garden ornament; a small being
gnu,gnu,A large African antelope (wildebeest)
go,go,To move or function
goal,goal,An aim or target
goat,goat,A resilient ruminant animal often kept for milk or meat.
goatery,goatery,A goat farm
goatherd,goatherd,Person who looks after goats
goatling,goatling,A young female goat over one year old
gobbo,gobbo,A name or type (context?)
goblet,goblet,A drinking cup; or a tree shape
goggles,goggles,Protective eyewear
goitre,goitre,Swelling of the thyroid gland
gold,gold,A precious yellow metal element
gold-label,Gold Label,High quality standard/label
golden,golden,Made of or colored like gold
golden-apple-snail,Golden Apple Snail,A non-native freshwater snail known for its destructive feeding on young rice shoots.
golden-rice,golden rice,Bio-fortified rice rich in vitamin A
gomer,Gomer,A name or type (context?)
gonad,gonad,An organ producing gametes (testis/ovary)
gonadotrophin,gonadotrophin,Hormone stimulating gonads
gonidium,gonidium,An asexual reproductive cell in algae
gonophore,gonophore,Support for reproductive organs
gonorrhoea,gonorrhoea,A venereal disease (venereal infection)
good,good,High quality or beneficial
good-agricultural-practice,Good Agricultural Practice,Standards for farming (GAP)
good-agricultural-practices,Good Agricultural Practices,"A collection of principles to apply for on-farm production and post-production processes, resulting in safe and healthy food and non-food agricultural products (GAP)."
goods,goods,Items produced for sale
goodwill,goodwill,Reputation value of a business
goose,goose,A large water bird (Anserinae)
gooseberry,gooseberry,A tart hairy berry fruit
goosefoot,goosefoot,A weed family (Chenopodium)
goosegrass,goosegrass,Cleavers weed (sticky grass)
goosestep,goosestep,A rhythmic rigid march
gord,Gord,A name or type (context?)
gorse,gorse,A thorny yellow-flowered shrub (furze)
gossypium,gossypium,The cotton plant genus
gourd,gourd,Wait-skinned fruit (e.g. pumpkin/squash)
govern,govern,To rule or control
government,government,The ruling body of a state
governor,governor,An official ruler; engine speed regulator
gown,gown,A long robe or dress
gpa,gpa,Grade Point Average
gps,GPS,"Global Positioning System, used in precision farming."
grade,grade,A rank or quality level; to sort
grader,grader,One who sorts; or a leveling machine
grading,grading,Sorting by quality or size
graduate,graduate,One completing a degree; to advance
graft,graft,To join parts of two plants; the joined part
graft-wax,graft-wax,Protective wax for a graft site
grafter,grafter,Person who performs grafting
grafting,grafting,The method of joining a part of one plant to another so they grow as a single organism.
grain-dryer,grain dryer,A machine for removing moisture from harvested grain.
grain-smut,Grain smut,A fungal disease where grains are replaced by black spore masses.
gram,Gram,Chickpea or pulse (Indian)
gram-negative,gram-negative,Bacterium not holding violet stain
gram-positive,gram-positive,Bacterium holding violet stain
graminaceous,graminaceous,Relating to the grass family
gramineae,Gramineae,The grass and cereal family (Poaceae)
graminicide,graminicide,Chemical that kills grasses
graminivorous,graminivorous,Grass-eating
granary,granary,A storehouse for grain
grand,grand,Large or impressive
grandparent-stock,grandparent stock,Foundation animals for breeding lines
granite,granite,A hard igneous rock
grant,grant,A financial gift from a body
granular,granular,Consisting of small grains
granulate,granulate,To form into grains
granulated,granulated,In grain form
granulation,granulation,The process of forming grains
granule,granule,A small unit or grain
granuloma,granuloma,A mass of inflammatory tissue
grape,grape,Fruit of the vine used for wine
grapefruit,grapefruit,A large tart citrus fruit
grapevine,grapevine,The plant bearing grapes
graph,graph,A diagram showing relationship
graphic,graphic,Relating to graphs or visual art
graphite,graphite,Soft black carbon (pencil lead)
grasp,grasp,To grip or understand
grass,grass,Common green forage/cereal plant (Poaceae)
grass-carp,Grass Carp,A large fish often introduced to ponds to manage aquatic plant growth.
grass-meal,grass meal,Dried ground grass feed
grass-park,grass park,Enclosed pasture (Scots)
grass-seed,grass seed,Seeds of grass species
grasscutter,grasscutter,Machine or person that cuts grass
grassed,grassed,Covered in grass
grasses,grasses,Many types of grass
grassfield,grassfield,A field of grass
grassing,grassing,Sowing or establishing grass
grassland,grassland,Area dominated by grasses (pasture)
grassland-management,grassland management,Care of pastures
grassy,grassy,Like or covered in grass
grate,grate,Metal frame for fire; to shred
grater,grater,Tool for shredding food
gratis,gratis,For free
gratitude,gratitude,Thankfulness
gratuity,gratuity,A tip or gift for service
grave,grave,Serious; a tomb or trench
gravel,gravel,Small stones used for paths/drainage
gravelly,gravelly,Containing much gravel
graven,graven,Engraved or carved
gravenstein,gravenstein,A variety of apple
gravid,gravid,Pregnant (carrying eggs/young)
gravimetric,gravimetric,Measuring by weight
gravitation,gravitation,Force of attraction (gravity)
gravity,gravity,The force pulling objects to Earth
gray,gray,Grey (US)
graze,graze,To eat grass; a slight scratch
grazer,grazer,An animal that eats grass
grazing,grazing,Consumption of standing forage; pasture land
grazing-intensity,grazing intensity,The number of animals grazing an area of land for a specific period.
grazing-system,grazing system,Management of animal pasture use
grease,grease,Oily lubricant or fat
greased,greased,Smeared with grease
greasiness,greasiness,State of being greasy
greasy,greasy,Covered in grease/fat
greasy-wool,greasy wool,Unwashed wool containing lanolin
great,great,Large or impressive; excellent
grebe,Grebe,A water bird
grecian,Grecian,Relating to Greece
greece,Greece,A country in Europe
greed,greed,Excessive desire
green,green,Colour of plants; lush; or environmentally aware
green-algae,green algae,Group of photosynthetic organisms (Chlorophyta)
green-belt,green belt,Protected open land around a city
green-crop,green crop,Crop harvested for forage or ploughed in
green-gram,Green Gram,A popular pulse crop grown mainly for export to international markets.
green-manure,Green manure,A fertilizer consisting of growing plants that are ploughed back into the soil.
green-manuring,green manuring,Ploughing in green crops as fertilizer
green-revolution,green Revolution,"A programme of cereal improvement in developing countries, using high-yielding varieties and fertilizers."
green-room,green room,Room for performers; or a garden room
green-salad,green salad,Salad of leafy greens
green-sand,green sand,Type of soil mineral; or foundry sand
green-stuff,green-stuff,Green vegetables or plants
greenback,greenback,Slang for a US dollar
greenery,greenery,Green vegetation
greengrocer,greengrocer,Vender of fresh fruit/veg
greenhouse,greenhouse,A transparent building designed for cultivating plants in a controlled climate.
greenhouse-effect,greenhouse effect,Atmospheric warming due to trapped heat
greenhouse-gas,greenhouse gas,Gas contributing to warming (e.g. methane/CO2)
greening,greening,Developing green colour; or a type of apple
greenish,greenish,Slightly green
greenwich,Greenwich,A place in London (time standard)
gregaric,gregaric,Living in groups
gregarious,gregarious,Tending to live in groups/flocks
grey,grey,A neutral colour (black/white mix)
grey-headed,grey-headed,Having grey hair on the head
grey-mold,grey mold,A fungal disease (Botrytis)
greyhound,greyhound,A slim fast breed of dog
grid,grid,A network of lines or power cables
griddle,griddle,Flat plate for cooking
gridiron,gridiron,Metal frame for grilling; or a field
grief,grief,Deep sorrow
griffon,griffon,A type of vulture or dog
grill,grill,To cook over heat; a grid
grille,grille,A screen or grating
grilling,grilling,The act of cooking over heat
grime,grime,Deep dirt
grin,grin,A wide smile
grind,grind,To crush to powder; or to sharpen
grinder,grinder,One who grinds; or a machine
grindery,grindery,Tools or shop for grinding
grinding,grinding,Process of crushing or sharpening
grindstone,grindstone,A revolving stone for sharpening
grip,grip,A firm hold; to hold tightly
gripping,gripping,Holding attention; or painful
griseofulvin,griseofulvin,An antifungal drug
grit,grit,Small stones/sand; or courage
gritty,gritty,Containing grit; rough
groom,groom,To clean/brush an animal; person caring for horses
grooming,grooming,The act of cleaning an animal's coat
groove,groove,A long narrow channel or rut
grooved,grooved,Having grooves
gross,gross,Total without deductions; disgusting
gross-margin,gross margin,Output minus variable costs
gross-profit,gross profit,Total income minus raw cost
gross-weight,gross weight,Total weight including container
gross-yield,gross yield,Total produce before loss/processing
ground,ground,The solid surface of Earth; soil
ground-cover,ground cover,Plants which grow close to the ground and prevent soil erosion.
ground-ivy,ground ivy,A creeping wild plant
ground-mass,ground-mass,Main part of a rock or soil
ground-nut,ground-nut,Peanut or Earthnut
ground-plan,ground-plan,Design of a layout on the ground
ground-staff,ground-staff,Workers maintaining grounds/fields
ground-water,ground water,Water which is held in the soil or in rocks below the surface of the ground.
ground-work,ground-work,The foundation or base tasks
groundage,groundage,A fee for a vessel at rest
grounding,grounding,Connecting to the Earth (electric)
groundnut,Groundnut,"A nitrogen-fixing legume grown for its seeds, which are harvested underground."
groundsel,groundsel,A common weed (Senecio)
groundwater,groundwater,Water contained beneath the soil surface
groundwater-level,groundwater level,Top surface of water-logged soil
group,group,A number of individuals together
grouping,grouping,The act of forming groups
grove,grove,A small group of trees
grow,grow,To increase in size; to cultivate
grow-light,grow-light,Electric light aiding plant growth
grow-out,grow-out,The final stage of raising an animal
grower,grower,A person who cultivates plants
growing,growing,Increasing or developing
growing-media,growing media,Substances in which plants grow (e.g. soil/peat)
growing-season,growing season,The period of the year for plant growth
growth,growth,Increase in size or development
growth-habit,growth habit,The shape or manner of a plant's growth
growth-hormone,growth hormone,Chemical stimulating growth
growth-inhibitor,growth inhibitor,A substance which prevents a plant from growing.
growth-promoter,growth promoter,A substance (such as an antibiotic or hormone) which is added to a diet to make an animal grow faster.
growth-regulator,growth regulator,Chemical affecting plant growth speed/form
growth-retarding,growth retarding,Slowing growth (e.g. for compactness)
growth-ring,growth ring,Annual layer in a tree trunk
growth-stage,growth stage,Specific point in development (e.g. tilling)
grub,grub,A fat insect larva; to dig out
grubber,grubber,Tool for digging out roots
grubbing,grubbing,Removing tree stumps/roots from land
gruel,gruel,Thin liquid food made by boiling oats/meal
grumble,grumble,To complain in a low voice
grunt,grunt,The sound of a pig
guan,guan,Prefix relating to guano or guanine
guanidine,guanidine,A basic chemical compound
guanine,guanine,A nitrogen base in DNA
guano,guano,Bird or bat droppings used as fertilizer
guarant,guarant,Prefix relating to guarantee
guarantee,guarantee,A formal promise or assurance
guarantied,guarantied,Assurred
guarantor,guarantor,One who provides a guarantee
guard,guard,To protect; a protector/shield
guard-cell,guard cell,Specialized plant cell controlling stoma
guava,Guava,an edible tropical fruit and the small tree or shrub (genus Psidium)
guernsey,Guernsey,A breed of dairy cattle; an island
guess,guess,A non-certain calculation
guest,guest,A visitor
guide,guide,To lead; a book or person leading
guiding,guiding,Acting as a guide
guild,guild,An association of craftsmen/traders
guile,guile,Deceitful cunning
guillotine,guillotine,A machine for cutting (or execution)
guilt,guilt,Blame or feeling of regret
guinea,Guinea,A region in Africa
guinea-fowl,guinea fowl,A speckled African poultry bird
guinea-grass,Guinea grass,A large perennial bunch grass used for fodder but can be a weed (Megathyrsus maximus).
guineapig,guineapig,A small South American rodent (pet)
guise,guise,A false appearance
gulf,gulf,Part of an ocean nearly surrounded by land
gull,gull,A common sea bird
gullet,gullet,The tube leading from the mouth to the stomach (oesophagus).
gully,gully,A small valley or water-worn trench
gully-erosion,gully erosion,Soil loss creating deep channels
gum,gum,Sticky substance from trees; or the tissue around teeth
gumboro-disease,Gumboro disease,Infectious bursal disease of poultry
gummosis,gummosis,Production of gums by diseased/damaged trees
gun,gun,A weapon or dosing device
gunja,gunja,Cannabis (Indian term)
gunny,gunny,Coarse fabric (e.g. for sacks)
gunny-bag,gunny bag,A sack made of gunny
gurgle,gurgle,A bubbling sound of liquid
gusher,gusher,An abundant flow (oil/water)
gusset,gusset,A triangular piece of fabric for strength
gust,gust,A sudden strong blast of wind
gut,gut,The intestine; to remove internals
gut-flora,gut flora,Microbes living in the intestine
gutta,gutta,A drop (Latin)
gutter,gutter,A channel for removing water from roofs/roads
guy,guy,A rope or wire providing support; a person
gymn,gymn,Prefix meaning naked
gymnosperm,gymnosperm,Plant with naked seeds (e.g. conifers)
gyn,gyn,Prefix meaning female
gynaecology,gynaecology,Study of the female reproductive system
gynoecium,gynoecium,The female parts of a flower
gyps,gyps,Prefix relating to gypsum
gypsum,gypsum,A mineral (calcium sulphate) used to improve soil
gyrate,gyrate,To move in a circle
gyration,gyration,Circular motion
gyres,gyres,Circular ocean currents
gyro,gyro,Prefix meaning circular
h-bomb,H-bomb,Hydrogen bomb
h-class,H-class,A type or classification (context?)
h-hour,H-hour,Start time of an operation
h-section,H-section,Shaped like an 'H'
hab,hab,Prefix relating to habit or dwelling
habile,habile,Skilled or handy
habitant,habitant,A resident
habitat,habitat,The natural home of a species
habitation,habitation,A dwelling place
habitual,habitual,Done regularly
hackney,hackney,A stylish high-stepping horse breed
had,had,Past of have
haem,haem,Prefix relating to blood
haemacyte,haemacyte,A blood cell
haemacytometer,haemacytometer,Device for counting blood cells
haemad,haemad,Towards the blood systems
haemagogue,haemagogue,Drug promoting menstrual flow
haemal,haemal,Relating to blood
haemangioma,haemangioma,A benign blood vessel tumor
haemarthrosis,haemarthrosis,Bleeding into a joint
haematal,haematal,Haemal
haematin,haematin,Iron-containing pigment from haemoglobin
haematinic,haematinic,Drug improving blood quality
haematite,haematite,A reddish iron ore mineral
haemato,haemato,Prefix meaning blood
haemato-therapy,haemato-therapy,Treatment using blood products
haematobium,haematobium,A blood parasite
haematoblast,haematoblast,Developing blood cell
haematocele,haematocele,Swelling filled with blood
haematocyte,haematocyte,A blood cell
haematoidin,haematoidin,A blood pigment from old clots
haematologic,haematologic,Relating to blood study
haematology,haematology,The study of blood
haematoma,haematoma,A localized swelling filled with blood (bruise)
haematopoiesis,haematopoiesis,The formation of blood cells
haematoxylin,haematoxylin,A purple biological dye
haematuria,haematuria,Blood in the urine
haemerythrin,haemerythrin,An iron-containing blood pigment (in some inverts)
haemo,haemo,Prefix meaning blood
haemochrom,haemochrom,A blood pigment
haemocoel,haemocoel,The primary body cavity of most invertebrates
haemocyanin,haemocyanin,Blue copper-containing blood pigment (in molluscs/crustaceans)
haemocyte,haemocyte,A blood cell
haemocytometer,haemocytometer,Device for counting blood cells
haemodynamics,haemodynamics,The study of blood flow dynamics
haemoglobin,haemoglobin,Oxygen-carrying protein in red blood cells
haemoglobinometer,haemoglobinometer,Device measuring haemoglobin levels
haemolysis,haemolysis,Destruction of red blood cells with release of hemoglobin into blood
haemolytic,haemolytic,Causing haemolysis
haemophilia,haemophilia,Genetic disorder where blood doesn't clot properly
haemopiezometer,haemopiezometer,Blood pressure machine
haemoproteus,haemoproteus,A blood parasite of birds
haemoptysis,haemoptysis,Coughing up blood
haemorrhage,haemorrhage,Severe bleeding
haemorrhoid,haemorrhoid,Swollen vein in the rectum (piles)
haemosiderosis,haemosiderosis,Excess iron deposits in tissues
haemostat,haemostat,A tool or drug to stop bleeding
haemostatic,haemostatic,Tending to stop bleeding
hag,hag,Fog/mist; or a witch; or a bog
haggis,haggis,A savory Scottish dish (heart/lungs/liver in a stomach)
hagi,hagi,Prefix meaning sacred
haid,HAID,High Analysis Inorganic (fertiliser)
haiku,haiku,A short Japanese poem
hail,hail,Frozen rain falling in balls
hailer,hailer,A megaphone/loudspeaker
hailing,hailing,Calling out or falling hail
hailstorm,hailstorm,Strong wind with large hail
hair,hair,Thread-like growth from the skin
hair-follicle,hair follicle,Pore from which hair grows
haircut,haircut,Cutting of hair
haired,haired,Having hair
hairless,hairless,Lacking hair
hairy,hairy,Covered in hair
hairy-vetch,hairy vetch,A forage legume (Vicia villosa)
hait,Hait,A name or type (context?)
hal,hal,Prefix relating to salt or sea
halation,halation,Blurred light effect
halcyon,halcyon,Calm and peaceful
hale,hale,Healthy and strong; to pull
half-life,half-life,Time for a substance to decrease by half
halftone,halftone,An image made of small dots
halide,halide,A halogen compound
halitosis,halitosis,Bad breath
hall,hall,A large room or corridor
hallmark,hallmark,A mark of quality or origin
hallo,hallo,A greeting (Hello)
halloween,Halloween,October 31st festival
hallucination,hallucination,False perception
halm,halm,Haulm (plant stalks)
halo,halo,A circle of light
halo-blight,halo-blight,A bacterial disease of beans
halo-effect,halo-effect,Bias based on one trait
halogen,halogen,A group of chemical elements (e.g. chlorine)
halomorphic,halomorphic,Relating to salt-affected soil
halophile,halophile,Organism that loves salt
halophilic,halophilic,Salt-loving
halophytes,halophytes,Plant that grows in waters of high salinity
halt,halt,A sudden stop; to stop
halter,halter,Rope or strap for leading animals
halter-break,halter-break,To train an animal to lead on a halter
halve,halve,To divide into two equal parts
ham,ham,The cured thigh/buttock of a pig
hamate,hamate,Hook-shaped
hamburger,hamburger,Minced beef patty in a bun
hamlet,hamlet,A very small village
hammer,hammer,Tool for hitting nails or breaking; to hit
hammer-mill,hammer mill,Machine using hammers to grind grain/feed
hammering,hammering,The act of hitting with a hammer
hamper,hamper,A basket; or to hinder
hampshire-down,Hampshire Down,An English meat-sheep breed
hamstring,hamstring,Tendon at the back of the knee; to disable
hand,hand,End of the arm; unit of horse height (4 inches)
hand-bason,hand-bason,Hand bowl (archaic)
hand-bill,hand-bill,A billhook or small farm knife
hand-breadth,hand-breadth,Width of a hand
hand-cart,hand-cart,Small cart pushed by hand
hand-feed,hand-feed,To feed by hand
hand-feeding,hand-feeding,The act of hand-feeding animals
hand-gallery,hand-gallery,Raised walkway
hand-glass,hand-glass,Small mirror or magnifying glass
hand-held,hand-held,Able to be held in the hand
hand-made,hand-made,Made by hand
hand-milk,hand-milk,To milk by hand
hand-milker,hand-milker,Person or device for hand-milking
hand-milking,hand-milking,The act of milking by hand
hand-plough,hand-plough,Small plough used by hand
hand-pump,hand-pump,Pump operated by hand
hand-spray,hand-spray,Small sprayer held in the hand
hand-sprayer,hand-sprayer,Device for hand spraying
hand-spraying,hand-spraying,The act of spraying by hand
hand-staff,hand-staff,A control rod or staff
hand-stroke,hand-stroke,A movement of the hand
hand-table,hand-table,Small table
hand-wheel,hand-wheel,Wheel operated by hand to adjust machines
hand-work,hand-work,Tasks done by hand
handful,handful,As much as one can hold in a hand
handicap,handicap,A disadvantage or disability
handicraft,handicraft,Skill done by hand
handle,handle,Part to be held; to manage/touch
handler,handler,Person who manages animals
handling,handling,Moving or managing items/animals
handling-pens,handling pens,Enclosures for managing livestock
handpicking,handpicking,The removal of weeds or pests by hand.
handsaw,handsaw,A saw used with one hand
handshake,handshake,Grip of hands in greeting
handsome,handsome,Good-looking or considerable
handspan,handspan,Width of an open hand
handy,handy,Useful or near
hang,hang,To suspend; or a slope
hangar,hangar,Building for aircraft
hanging,hanging,Suspended; or a task on a slope
hank,hank,A coil of yarn or rope
hanovarian,Hanovarian,A breed of German warmblood horse
hanover,Hanover,A city/region in Germany
hap,hap,Prefix meaning single or lucky
haphazard,haphazard,Random or disorganised
haploid,haploid,Having a single set of unpaired chromosomes
haplont,haplont,Haploid organism
happen,happen,To occur
happening,happening,An event
happiness,happiness,State of joy
happy,happy,Joyful or content
hapten,hapten,Small molecule that can elicit immune response
harald,harald,A name or type (context?)
harbin,harbin,A city in China
harbor,harbor,Harbour (US)
harbour,harbour,Shelter for ships; to hide someone (UK)
hard,hard,Firm or solid; difficult; intense
hard-up,hard-up,Short of money
hard-water,hard water,Water containing high mineral levels
hard-wheat,hard wheat,Hard-grained wheat high in protein/gluten
hard-working,hard-working,Lazy-free; industrious
hardening-off,hardening off,The process of gradually acclimatizing plants grown in a greenhouse to outdoor conditions.
hardiness,hardiness,Ability to withstand cold or harsh conditions
hardpan,hardpan,Compacted or cemented soil layer limiting roots
hardship,hardship,Pain or difficulty
hardware,hardware,Tools/fittings; or computer equipment
hardwood,hardwood,Wood from broad-leaved trees (angiosperms)
hardy,hardy,Strong and able to survive harsh weather
hare,hare,A long-eared mammal like a giant rabbit
hare-lip,hare-lip,Cleft lip deformity
harebell,harebell,A blue wild flower
harem,harem,A group of females belonging to one male
hark,hark,To listen
harl,harl,Fiber from flax/hemp
harle,harle,A type or term (context?)
harlot,harlot,Prostitute (archaic)
harm,harm,Damage or injury
harmful,harmful,Causing damage
harmless,harmless,Not causing damage
harmonise,harmonise,To bring into agreement
harmony,harmony,Agreement or balance; music
harness,harness,Straps used to couple an animal to a load; to use power
harnessing,harnessing,Using or controlling (e.g. energy)
harp,harp,A musical string instrument
harpoon,harpoon,A long spear for whales/fish
harrow,harrow,An implement fitted with discs or teeth used to pulverize soil clumps and level land after plowing.
harry,harry,To harass or worry
harsh,harsh,Severe or rough
hart,hart,An adult male deer
hartebeest,hartebeest,A large African antelope
hartford,Hartford,A city in Connecticut
haruspex,haruspex,Diviner using entrails (ancient)
harvest,harvest,"The act of gathering mature crops, also referring to the total quantity obtained."
harvested,harvested,Gathered from the field
harvester,harvester,A person or machine that harvests
harvesting,harvesting,The act of gathering crops
harvesting-season,harvesting season,The period of the year when a crop is harvested.
harvestman,harvestman,Spider-like insect (daddy longlegs)
has,has,Third person sing. of have
hash,hash,A dish of chopped meat/veg; or a symbol
hasp,hasp,A hinged metal fastener for a door
haste,haste,Speed or urgency
hasten,hasten,To hurry
hastening,hastening,Acting with speed
hasty,hasty,Done in a hurry
hat,hat,Head covering
hatch,hatch,To emerge from an egg; to source a plan
hatchability,hatchability,Likelihood of an egg hatching
hatchery,hatchery,Facility for hatching eggs (birds/fish)
hatches,hatches,Openings; or acts of hatching
hatching,hatching,The emergence of young from eggs
hatchling,hatchling,A newly hatched animal
hate,hate,Intense dislike
hath,hath,Has (archaic)
hatter,hatter,One who makes hats
haul,haul,To pull or carry a load
haulage,haulage,Transport of goods by road/rail
haulage-contractor,haulage contractor,Business moving goods for others
hauler,hauler,One who hauls loads
haulm,haulm,Stems of crops like potatoes/peas
haulm-destruction,haulm destruction,The killing of potato haulms with chemicals before harvesting.
haunch,haunch,The hip and buttock of an animal
haunt,haunt,To visit frequently; a ghost
haus,haus,House (German)
haut,haut,High (French)
have,have,To possess or experience
haven,haven,A safe place or harbor
haver,haver,Oats (archaic/dialect)
having,having,Possessing
hawk,hawk,A predatory bird; to sell; a cold wind
hawker,hawker,One who sells goods in the street
hawm,hawm,Stalks (haulm)
hawthorn,hawthorn,A thorny shrub used for hedging
hay,hay,Grass mown and dried for fodder; to dry grass
hay-baler,hay-baler,Machine that compresses hay into bundles
hay-barn,hay-barn,Building for storing hay
hay-cutter,hay-cutter,Machine or person that cuts hay
hay-fever,hay-fever,Allergy caused by pollen/dust
hay-field,hay-field,A field of grass for hay
hay-fork,hay-fork,A large fork for moving hay
hay-knife,hay-knife,Trimming knife for hay stacks
hay-loft,hay-loft,Floor above a stable for hay storage
hay-rack,hay-rack,Support for holding hay for stock
hay-rake,hay-rake,Tool for gathering mown grass
hay-stack,hay-stack,A large heap of hay kept outdoors
hay-time,hay-time,The season for making hay
haymaker,haymaker,Person or machine making hay
haymaking,haymaking,The process of drying and storing hay
haze,haze,Thin mist or smoke in the air; confusion
hazel,hazel,A deciduous tree yielding nuts
hazel-nut,hazel-nut,The nut of the hazel tree
hazy,hazy,Misty or unclear
hbs,HBS,High Blood Sugar
hc,HC,House of Commons; or Hydrocarbon
hci,HCI,Hydrochloric acid (HCl)
hd,HD,High Density or Hard Drive
hdd,HDD,Hard Disk Drive
hdl,HDL,High-density lipoprotein (good cholesterol)
he,He,Helium (chemical symbol)
head,head,Top of the body; leader; seed cluster; current of water
head-ache,head-ache,Pain in the head
head-band,head-band,Band worn around the head
head-butt,head-butt,To hit with the head
head-gear,head-gear,Anything worn on the head; or harness
head-land,head-land,Ploughed land at the end of a furrow where turns are made
head-light,head-light,Light on the front of a vehicle
head-line,head-line,Main title of a story
head-long,head-long,Moving head first; or rashly
head-man,head-man,Leader or boss
head-master,head-master,Male principal of a school
head-most,head-most,At the very front
head-office,head-office,Main office of a company
head-on,head-on,Directly facing
head-over-heels,head-over-heels,Completely (in love)
head-phone,head-phone,Dual listening devices on a band
head-piece,head-piece,Armor or harness for the head
head-race,head-race,Water channel to a mill/power plant
head-rack,head-rack,Storage for heads; or a rack
head-room,head-room,Vertical space/clearance
head-stall,head-stall,Part of a halter/bridle around the head
head-stay,head-stay,A support wire
head-stone,head-stone,Stone marking a grave
head-stream,head-stream,Source stream of a river
head-strong,head-strong,Obstinate or determined
head-water,head-water,Stream forming the source of a river
head-way,head-way,Progress; or space under an arch
head-work,head-work,Mental labor
headed,headed,Having a head or leader; moving towards
header,header,A machine part or writing on top; or a dive
headland,headland,The strip of land at the edge of a field where the tractor turns.
headquarters,headquarters,Main base of an organization
headsman,headsman,Executioner; or a leader
heal,heal,To become healthy after injury; to cure
healer,healer,One who cures
healing,healing,The process of recovering health
health,health,State of being free from illness
health-and-safety-executive,Health and Safety Executive,UK worker safety body (HSE)
health-food,health food,Food believed to be very healthy
healthiness,healthiness,State of being healthy
healthy,healthy,Free from disease; vigorous
heap,heap,A pile or mound
hearing,hearing,The sense of sound; or a formal meeting
heart,heart,Pumping organ for blood; central part; core
heart-ache,heart-ache,Deep distress
heart-beat,heart-beat,The pulse or sound of the heart
heart-break,heart-break,Overwhelming sadness
heart-burn,heart-burn,Indigestion causing pain in the chest
heart-disease,heart-disease,Illness affecting the heart
heart-land,heart-land,The central region
heart-rot,heart rot,A disease of root crops (like sugar beet) caused by boron deficiency.
heart-rot-2,heart-rot,Decay of the core of a tree or root (e.g. via fungal/deficiency)
heart-wood,heart-wood,Dense inner part of a tree trunk
heartened,heartened,Encouraged
heartfelt,heartfelt,Deeply felt or sincere
hearth,hearth,The floor of a fireplace
heartless,heartless,Cruel or unkind
hearty,hearty,Vigorous or plentiful; lively
heat,heat,Warmth; form of energy; or oestrus in females
heat-exchange,heat exchange,Transfer of heat between mediums
heat-exchanger,heat exchanger,Device transferring heat
heat-stroke,heat stroke,Illness from overheating
heated,heated,Made warm; intense
heater,heater,Device used to provide warmth
heating,heating,Providing warmth
heave,heave,To lift with effort; to swell/rise
heaven,heaven,The sky; or a place of peace
heavy,heavy,Weighty; intense; or thick
heavy-horse,heavy horse,Draught horse (e.g. Shire)
heavy-soil,heavy soil,Soil high in clay that is hard to work
hect,hect,Prefix meaning one hundred
hectare,hectare,Metric unit of land area (10
hectic,hectic,Very busy or confused
hecto,hecto,Prefix meaning 100
hectogram,hectogram,100 grams
hector,hector,A bully; or a name
heddle,heddle,Part of a weaving loom
hedge,hedge,A boundary of bushes/shrubs; to protect
hedge-cutter,hedge-cutter,Machine or person cutting hedges
hedgerow,hedgerow,A line of bushes/trees forming a fence
hedging,hedging,Reducing risk in price changes; or making hedges
hedonic,hedonic,Relating to pleasure
heed,heed,To pay attention to
heel,heel,The back of a foot or hoof
heeling-in,heeling in,A temporary way of planting young plants in a trench to keep them alive until they can be planted permanently.
heifer,heifer,A young female cow that has not had a calf
heifer-calf,heifer calf,A female calf
height,height,The vertical dimension or altitude
heighten,heighten,To make higher or more intense
heinous,heinous,Extremely wicked/bad
heir,heir,One who inherits
heiro,heiro,Prefix meaning sacred
hel,hel,Prefix relating to the sun
held,held,Past of hold
helic,helic,Prefix meaning spiral
helicopter,helicopter,Aircraft with rotating overhead blades
helio,helio,Prefix meaning sun
heliport,heliport,A landing pad for helicopters
helium,helium,A light colorless gas element
helix,helix,A spiral shape
hell,hell,Underworld or state of misery
hellas,hellas,Greece
hellenic,Hellenic,Relating to Greece
helm,helm,The wheel or tiller of a ship; leadership
helmet,helmet,Protective head covering
helminth,helminth,A parasitic worm
helminthiasis,helminthiasis,Worm infestation
helminthology,helminthology,The study of parasitic worms
helo,helo,Prefix meaning marsh or nail
help,help,Support or assistance; to assist
help-line,help-line,Phone line for assistance
helper,helper,One who assists
helpful,helpful,Providing support
helping,helping,Assisting; or a portion of food
helpless,helpless,Unable to act; weak
hem,hem,Stitched edge of fabric; to surround
hemi,hemi,Prefix meaning half
hemiptera,hemiptera,Order of true bugs (insects)
hemlock,hemlock,A highly poisonous wild herb
hemorrhage,hemorrhage,The escape of blood from a ruptured vessel.
hemp,hemp,Plant grown for strong fiber (Cannabis)
hen,hen,An adult female bird (especially chicken)
hen-coop,hen-coop,A cage for chickens
hen-house,hen-house,Building for housing chickens
hence,hence,Therefore; from this time
henceforth,henceforth,From now on
henna,henna,A dye plant (lawsonia)
henry,henry,Unit of electrical inductance
hent,hent,To grasp or seize (archaic)
hepar,hepar,Liver (Greek)
heparin,heparin,Substance preventing blood clotting
hepat,hepat,Prefix meaning liver
hepatic,hepatic,Relating to the liver
hepatitis,hepatitis,Inflammation of the liver
hepatocyte,hepatocyte,A liver cell
hept,hept,Prefix meaning seven
hepta-hydrate,hepta-hydrate,Chemical with seven water molecules
heptachlor,heptachlor,An organochlorine insecticide
heptad,heptad,A group of seven
her,HER,Health and Education Resources
herald,herald,An announcer or sign; to announce
herb,herb,Plant with soft stems; or used for flavor/medicine
herbaceous,herbaceous,Relating to non-woody plants
herbage,herbage,Leaves and stems of plants for grazing
herbarium,herbarium,A collection of dried plant specimens
herbi,herbi,Prefix meaning plant
herbicide,herbicide,A specialized chemical used to destroy or control competitive weeds.
herbicide-resistance,herbicide-resistance,Ability of a plant to survive herbicides
herbicide-strategy,herbicide-strategy,Plan for using herbicides
herbivore,herbivore,Animal that eats only plants
herbivorous,herbivorous,Plant-eating
hercules,hercules,A very strong person; or a hero
herd,herd,A group of cattle or other large animals
herd-instinct,herd-instinct,Tendency of animals to follow the group
herd-tester,herd-tester,One who tests production of a herd
herder,herder,Person who looks after a herd
herdsman,herdsman,Person looking after cattle
here,here,In this place
hereafter,hereafter,From now on; the afterlife
hereby,hereby,By this means
hereditary,hereditary,Passed down through genes
heredity,heredity,Passing of traits from parents to offspring
hereford,Hereford,A British breed of beef cattle originally from Herefordshire.
herein,herein,In this document/place
heritage,heritage,Inherited culture or land
hermaphrodite,hermaphrodite,Having both male and female sex organs
hermetic,hermetic,Airtight sealed
hernia,hernia,Organ protruding through a body wall
hero,hero,A brave person
heron,heron,A long-legged wading bird
herpetology,herpetology,The study of reptiles and amphibians
herring,herring,A common silver North Atlantic fish
herself,herself,Female herself
hertz,hertz,Unit of frequency (Hz)
hesitancy,hesitancy,Delay or doubt
hesitate,hesitate,To pause before acting
hesitation,hesitation,Act of pausing
hesperidium,Hesperidium,Citrus fruit type (e.g. orange)
hessian,hessian,Coarse fabric (burlap)
hetero,hetero,Prefix meaning different
heterocyclic,heterocyclic,Ring of different atoms in chemistry
heterogametic,heterogametic,Producing two types of sex cells (e.g. XY)
heterogeneity,heterogeneity,State of being varied/diverse
heterogeneous,heterogeneous,Consisting of diverse parts
heterologous,heterologous,Derived from a different species
heterosis,heterosis,Hybrid vigour (increased performance of F1)
heterotrophic,heterotrophic,Getting food from other organisms
heterozygous,heterozygous,Having two different alleles for a trait
hetp,HETP,Height Equivalent to Theoretical Plate
heuristic,heuristic,Rule of thumb; learning by discovery
hevea,hevea,Rubber tree genus
hexa-hydrate,hexa-hydrate,Chemical with six water molecules
hexagon,hexagon,Six-sided shape
hexamite,hexamite,A parasitic protozoa
hexane,hexane,Liquid hydrocarbon solvent (C6H14)
hexose,hexose,A six-carbon sugar (e.g. glucose)
hey,hey,A greeting or call
hf,hf,High Frequency
hfr,Hfr,High Frequency of Recombination
hg,Hg,Mercury (chemical symbol)
hh,hh,Handling/Higher (abbrev)
hi,hi,A greeting (Hello)
hiatus,hiatus,A gap or break in time/space
hibernal,hibernal,Relating to winter
hibernate,hibernate,To spend the winter in a deep sleep
hibernation,hibernation,Act of overwintering in sleep
hibiscus,hibiscus,A tropical flowering shrub
hickory,hickory,A North American hardwood tree
hid,hid,Past of hide
hide,hide,The skin of a large animal; to conceal
hide-bound,hide-bound,Skin stuck to the ribs (unhealthy); narrow-minded
hide-out,hide-out,Secret place to hide
hiding,hiding,Concealing; or a physical beating
hidrosis,hidrosis,Sweating
hierarchy,hierarchy,System of ranking levels
high,high,Tall; great in amount; intense
high-altitude,high-altitude,High above sea level
high-brow,high-brow,Intellectual
high-grade,high-grade,High quality
high-lying,high-lying,Located at a high altitude
high-pitched,high-pitched,Sharp high sound
high-pressure,high-pressure,Intense or forced; atmospheric high
high-speed,high-speed,Very fast
high-tech,high-tech,Advanced technology
high-yielding-variety,high-yielding variety,A variety of cereal which has been developed to produce a much higher yield than traditional varieties. Abbr HYV.
higher,higher,Above or more advanced
highland,highland,Upland or mountainous area
highlight,highlight,Main part or emphasis; to emphasize
highly,highly,In a high degree or very much
highly-concentrated,highly-concentrated,Very strong (liquid/idea)
highway,highway,Main public road
hijack,hijack,To seize control of a vehicle/info
hike,hike,A long walk; or a price increase
hiking,hiking,Walking long distances
hill,hill,A natural elevation lower than a mountain
hill-farm,hill-farm,Farm located in hilly upland
hill-farming,hill farming,"A system of farming on high or sloping land, usually focused on sheep or cattle."
hill-farming-2,hill-farming,Farming on upland hills
hilly,hilly,Having many hills
hilt,hilt,The handle of a sword/tool
him,him,Direct object of he
himself,himself,Male himself
hind,hind,A female red deer; back part
hind-gut,hind-gut,Rear part of the intestine
hind-hind,hind-hind,Very far behind
hind-leg,hind-leg,A back leg
hind-most,hind-most,At the very back
hindquarter,hindquarter,Back half of a carcass side
hindrance,hindrance,An obstacle or delay
hindsight,hindsight,Understanding after the event
hinge,hinge,A joint on a door or machine; to depend on
hinnies,hinnies,Plural of hinny
hinny,hinny,Offspring of a male horse and female donkey
hint,hint,A slight suggestion/tip
hip,hip,The joint connecting the leg to the torso
hip-bone,hip-bone,Pelvic bone
hire,hire,To pay for the use of something/someone
hire-purchase,hire purchase,Buying by installments (HP)
hirer,hirer,Person who hires
hiring,hiring,The act of hiring
hirsute,hirsute,Hairy
his,his,Belonging to a male
hiss,Hiss,Prefix or sound of a snake
hist,hist,Prefix meaning tissue
histamine,histamine,Chemical involved in allergic reactions
histogram,histogram,A bar graph of frequency
histology,histology,The study of biological tissues
history,history,The record of past events
histrionic,histrionic,Over-dramatic
hit,hit,To strike; or a success
hitch,hitch,To connect a trailer/tool to a vehicle; a problem
hitchhike,hitchhike,To travel by asking for rides
hiv,HIV,Human Immunodeficiency Virus
hive,hive,A shelter for a colony of bees
hives,hives,"A container for keeping bees, or a skin condition with itchy red lumps."
hl,hl,Hectolitre (abbrev)
hm,hm,Hectometre (abbrev)
ho,HO,Home Office or Head Office
hoar,hoar,Greyish-white (as in frost)
hoard,hoard,A hidden store; to save secretly
hoarfrost,hoarfrost,White frozen dew
hoarse,hoarse,Rough and thin (of a voice)
hoary,hoary,Grey/white with age or down; old
hob,hob,A shelf at a fireplace; or part of a cooker
hobby,hobby,A leisure activity; or a small hawk
hobjob,hobjob,Small tasks (odd jobs)
hobnail,hobnail,A short nail with a large head for boots
hock,hock,The joint in the hind leg of animals (like an ankle)
hodd,hodd,A name or type (context?)
hoe,hoe,"A simple hand tool used for breaking soil, digging small holes, or removing weeds."
hoeing,hoeing,The act of using a hoe
hog,hog,A large pig; or to take greedily
hog-plum,Hog plum,a popular tropical and subtropical fruit native to Southeast Asia
hogg,hogg,A young sheep between weaning and first shearing
hogged,hogged,Having a short clipped mane (horses)
hogget,hogget,A sheep in its second year
hoist,hoist,To lift up; a lifting machine
hold,hold,To keep or grasp; storage area in a ship
hold-up,hold-up,A delay; or a robbery
holder,holder,Device or person that holds
holding,holding,Property or land owned or leased
holding-down,holding-down,Fixing firmly to the floor/base
hole,hole,An opening or hollow
holiday,holiday,Day of rest or vacation
holland,holland,A country (Netherlands); or a fabric
hollow,hollow,Empty inside; a low area
holly,holly,An evergreen shrub with prickly leaves
holmium,holmium,A rare earth metal element
holstein,holstein,A high-yielding dairy cattle breed (often black/white)
home,home,Residence; domestic; or target
home-bred,home-bred,Raised on the same farm where born
home-grown,home-grown,Produced at home or locally
home-trade,home-trade,Business within one's own country
home-ward,home-ward,Towards home
homely,homely,Simple or cozy
homestead,homestead,A farm house and surroundings
homing,homing,Returning to base (e.g. pigeons)
homo,homo,Prefix meaning same
homoclinic,homoclinic,A type of mathematical orbit
homogenate,homogenate,Materials made uniform by mixing
homogeneous,homogeneous,Consisting of similar parts
homogenicity,homogenicity,State of being uniform
homogenise,homogenise,To make uniform (e.g. break fat in milk)
homogenised,homogenised,Made uniform
homogenization,homogenization,A process of making milk uniform in consistency by breaking down fat globules.
homolog,homolog,Something similar in origin
homologous,homologous,Similar in position or structure; related chromosomes
homology,homology,State of being similar
homomorphism,homomorphism,Mapping of sets in math
homopolar,homopolar,Having the same poles
homozygous,homozygous,Having identical alleles for a trait
honey,honey,Sweet fluid made by bees from nectar
honeybee,honeybee,The common bee that produces honey (Apis)
honeycomb,honeycomb,Hexagonal wax cells made by bees to store honey/brood
honeydew,honeydew,Sugary secretion of aphids/bugs; a melon
honorarium,honorarium,Payment for professional service (fee)
honour,honour,Great respect or fame
hood,hood,Head covering; or equipment cover/shield
hoof,hoof,The horny foot of a mammal (ox/horse)
hoof-bound,hoof-bound,Constriction of the horse's hoof
hoof-horn,hoof-horn,The hard material of the hoof
hook,hook,Curved device for catching/fastening; to catch
hook-eye,hook-eye,A type of fastener
hooked,hooked,Curved or caught; addicted
hookworm,hookworm,A parasitic worm of the intestines
hooligan,hooligan,A violent troublemaker
hoop,hoop,A circular band or ring
hooter,hooter,A siren or horn; or an owl
hop,hop,A climbing plant used to flavor beer (Humulus)
hope,hope,Feeling of expectation/desire
hopper,hopper,Funneled bin for dispensing grain/seed/feed
hopping,hopping,Moving by jumping; or picking hops
hordenine,hordenine,A chemical solid found in barley
hordeum,hordeum,The barley genus
horisont,horisont,Horizon (archaic)
horizon,horizon,The line where Earth meets sky; a soil layer
horizontal,horizontal,Parallel to the ground; level
hormonal,hormonal,Relating to hormones
hormone,hormone,Chemical messenger in an organism
horn,horn,Hard pointed growth on the head; or a warning sound
horned,horned,Having horns
hornet,hornet,A large stinging wasp
hornless,hornless,Polled (lacking horns)
horny,horny,Hard and tough like horn
horoscopist,horoscopist,Astrologer
horoscopy,horoscopy,Astrology
horrible,horrible,Very unpleasant
horrid,horrid,Awful or nasty
horrific,horrific,Causing horror
horror,horror,Intense fear or disgust
horse,horse,A large solid-hoofed mammal used for riding/work
horse-box,horse-box,Vehicle for transporting horses
horse-breaker,horse-breaker,Person who trains horses (to be ridden)
horse-breed,horse-breed,A specific type of horse
horse-chestnut,horse-chestnut,A deciduous tree (conker tree)
horse-draw,horse-draw,Drawn by a horse
horse-fly,horse-fly,A biting fly of livestock (gadfly)
horse-hair,horse-hair,Hair from a horse's mane/tail
horse-hoe,horse-hoe,Large hoe drawn by a horse
horse-radish,horse-radish,Pungent root used as a condiment
horse-shoe,horse-shoe,Metal U-shape fitted to a horse's hoof
horse-tail,horse-tail,A weed (Equisetum) appearing from segments
horse-whip,horse-whip,A whip for horses
horseback,horseback,On a horse
horseman,horseman,A skilled horse rider/caregiver
horsemanship,horsemanship,Skill in riding horses
horsepower,horsepower,Unit of engine power (approx 746W)
horticultural,horticultural,Relating to gardening/flowers/veg
horticulture,horticulture,The science and art of cultivating garden-based plants like fruits and flowers.
horticulturist,horticulturist,Person skilled in horticulture
hose,hose,A flexible pipe for carrying water; to water
hose-pipe,hose-pipe,A garden hose
hosiery,hosiery,Stockings and knitted socks
hospitable,hospitable,Friendly and welcoming
hospital,hospital,Place for medical treatment
hospitality,hospitality,Welcoming of guests
host,host,Organism providing food for a parasite; a crowd; person holding an event
hostage,hostage,Person held as security
hostel,hostel,Cheap accommodation
hostile,hostile,Unfriendly or antagonistic
hostility,hostility,Antagonism or warfare
hot,hot,Great heat; or spicy; or popular
hot-bed,hot-bed,Soil base heated by fermenting manure
hot-blood,hot-blood,Spirited horse breed (e.g. Arab/Thoroughbred)
hot-house,hot-house,Heated greenhouse
hot-spot,hot-spot,Area of high activity or heat; wifi point
hot-tempered,hot-tempered,Easily angered
hot-water,hot water,High temperature liquid; or a difficult situation
hotbed,hotbed,"A bed of soil which is heated by rotting manure, used for growing plants quickly."
hotel,hotel,Place providing lodging and food
hour,hour,sixty minutes
house,house,A dwelling; to provide shelter
house-hold,house-hold,People living in one house
house-holder,house-holder,Head of a household
housing,housing,Providing shelter/stalls for animals
hove,hove,Past of heave (archaic)
hovel,hovel,A small dirty dwelling or shed
hover,hover,To stay in one place in the air; or linger
how,how,In what way
howard,Howard,A name or type (context?)
howl,howl,Uttering a long
howler,howler,Someone who howls; a major mistake
howling,howling,Making a howl; or an intense wind
hp,HP,Horsepower or Hire Purchase
hq,hq,Headquarters (abbrev)
hr,HR,Human Resources
hrh,HRH,His/Her Royal Highness
hs,HS,High Speed
hse,HSE,Health and Safety Executive (UK)
hub,hub,Center of a wheel or activity
hubcap,hubcap,Cover for a wheel hub
huck,huck,A type or term (context?)
huckleberry,huckleberry,A small wild berry
hudson,hudson,A river/bay in North America
hue,hue,A color or shade
huff,huff,A fit of anger; to blow
hug,hug,A tight embrace; to hold close
huge,huge,Extremely large
hule,hule,A type or term (context?)
hull,hull,The outer shell or pod of a seed; to remove it
hum,hum,A low steady sound; to make it
human,human,Relating to people; a person
human-resources,human Resources,The staff of an organisation
humane,humane,Showing compassion or kindness
humanitarian,humanitarian,Concerned with welfare
humanity,humanity,Mankind; or being human/kind
humanize,humanize,To make human-like or kinder
humble,humble,Modest or low in status
humbug,humbug,Deceptive talk; a type of sweet
hume,hume,A name or type (context?)
humerus,humerus,The upper arm/forelimb bone
humid,humid,Damp and warm (of air)
humidified,humidified,Made damp/moist
humidifier,humidifier,Machine that adds moisture to air
humidify,humidify,To add moisture to the air
humidity,humidity,Amount of water vapor in the air
humification,humification,Process of organic matter becoming humus
humify,humify,To turn into humus
humist,humist,Specialist in humus study
humoral,humoral,Relating to body fluids
humors,humors,Fluids (archaic)
humour,humour,Amusement; or a fluid
hump,hump,A rounded bulge (as on a camel)
humped,humped,Having a hump
humus,humus,Decomposed organic matter in soil
hund,Hund,Dog (German)
hundred,hundred,The number 100
hundredfold,hundredfold,One hundred times as much
hundredweight,hundredweight,Unit of weight (112 lbs UK / 100 lbs US - cwt)
hunger,hunger,Need for food; to want food
hungry,hungry,Feeling a need to eat
hunt,hunt,To search for or chase; the act
hunter,hunter,A type of athletic horse; or person who hunts
hunting,hunting,Chasing and killing wild animals
hurdle,hurdle,A movable fence panel used for sheep
hurdy-gurdy,hurdy-gurdy,A musical instrument
hurl,hurl,To throw violently
hurricane,hurricane,A severe tropical storm
hurry,hurry,To move fast; speed
hurt,hurt,To cause pain or damage; injury
hurtful,hurtful,Causing pain/harm
hurtle,hurtle,To move at great speed
husband,husband,A married man; to use resources carefully
husbandman,husbandman,A farmer (archaic)
husbandry,husbandry,The care and management of resources/livestock
hush,hush,Silence or calm; to quieten
husk,husk,A respiratory disease of cattle (lungworm)
husky,husky,Hoarse (voice); or a breed of dog; like husks
hyacinth,hyacinth,A fragrant flowered bulb plant
hyalin,hyalin,Clear glassy material
hyaline,hyaline,Glass-like or transparent
hybrid,hybrid,An organism resulting from the crossbreeding of two distinct species or varieties.
hybrid-vigour,hybrid vigour,Increased performance of crossbred offspring (heterosis)
hybridisation,hybridisation,The process of cross-breeding
hybridise,hybridise,To breed together different species
hydatid,hydatid,A cyst formed by tapeworm larvae
hydracid,hydracid,Acid with no oxygen
hydrant,hydrant,An upright water pipe
hydrargyrum,hydrargyrum,Mercury (Latin)
hydrate,hydrate,Chemical compound with water
hydrated,hydrated,Containing water; having enough water
hydrated-lime,hydrated lime,Calcium hydroxide (slaked lime)
hydration,hydration,Absorption of or supply of water
hydraul,hydraul,Hydraulic (abbrev)
hydraulic,hydraulic,Powered by liquid pressure (e.g. water/oil)
hydraulic-lift,hydraulic lift,Lifting system using liquid pressure
hydraulics,hydraulics,Science of liquid flow and pressure
hydrid,hydrid,Hydride (chemical)
hydride,hydride,Hydrogen compound with another element
hydro,hydro,Prefix meaning water
hydrocarbon,hydrocarbon,Compound of hydrogen and carbon (e.g. fuel)
hydrochloric-acid,hydrochloric acid,Strong acid (HCl)
hydroculture,hydroculture,Growing plants in nutrient solution (hydroponics)
hydrodynamic,hydrodynamic,Relating to fluid in motion
hydroelectric,hydroelectric,Generating electricity from moving water
hydrogen,hydrogen,The lightest gaseous element (H)
hydrogen-cyanide,hydrogen cyanide,Toxic gas (HCN)
hydrogen-peroxide,hydrogen peroxide,Liquid used as bleach/antiseptic (H2O2)
hydrogenate,hydrogenate,To treat with hydrogen
hydrogenated,hydrogenated,Treated with hydrogen
hydrogenation,hydrogenation,Process of adding hydrogen
hydrographic,hydrographic,Relating to water mapping
hydrography,hydrography,Mapping of water bodies
hydrologic,hydrologic,Relating to the water cycle
hydrological,hydrological,Relating to hydrology
hydrology,hydrology,The study of water and its cycle
hydrolyse,hydrolyse,To undergo hydrolysis
hydrolysis,hydrolysis,Chemical breakdown via water
hydrolytic,hydrolytic,Relating to hydrolysis
hydrometer,hydrometer,Machine measuring liquid density
hydrophilic,hydrophilic,Water-attracting
hydrophobic,hydrophobic,Water-repelling; or rabid
hydroponics,hydroponics,Growing plants in water without soil
hydrosphere,hydrosphere,All the water on Earth's surface
hydrostatic,hydrostatic,Relating to stationary fluids/pressure
hydrous,hydrous,Containing water
hydroxide,hydroxide,Chemical ion or compound (OH)
hygiene,hygiene,The practice of keeping people and environments clean so as to prevent disease.
hymen,hymen,Membrane covering the vaginal opening
hymeno,hymeno,Prefix meaning membrane or marriage
hymenoptera,hymenoptera,Order of insects (bees/wasps/ants)
hyoid,hyoid,U-shaped bone at the base of the tongue
hyper,hyper,Prefix meaning over or excessive
hypermarket,hypermarket,Very large supermarket
hypermetropia,hypermetropia,Long-sightedness
hyperpyrexia,hyperpyrexia,Extremely high fever
hypertonic,hypertonic,Having higher osmotic pressure/concentration
hypertrophy,hypertrophy,Excessive growth of an organ/tissue
hypha,hypha,A single thread of fungal growth
hyphen,hyphen,Short dash (-) sign
hypno,hypno,Prefix relating to sleep
hypo,hypo,Prefix meaning under or low
hypoblast,hypoblast,Inner layer of an embryo
hypocalcaemia,hypocalcaemia,Low blood calcium (milk fever)
hypochlorite,hypochlorite,A disinfectant chemical (e.g. bleach)
hypocotyl,hypocotyl,Seedling stem part below seed leaves
hypoderm,hypoderm,Outer tissue layer beneath epidermis
hypodermic,hypodermic,Injected under the skin
hypogastric,hypogastric,Relating to the lower abdomen
hypogeal,hypogeal,Germination with seed leaves staying underground
hypogenous,hypogenous,Growing underneath or lower
hypoglossal,hypoglossal,Under the tongue
hypoglycaemia,hypoglycaemia,Low blood sugar
hypomagnesaemia,hypomagnesaemia,Low blood magnesium (grass staggers)
hypopharynx,hypopharynx,Part of the throat
hypophosphate,hypophosphate,Type of phosphate
hypophysis,hypophysis,The pituitary gland
hypoplasia,hypoplasia,Underdevelopment of an organ/tissue
hyposulphite,hyposulphite,Type of sulphite (fixer)
hypotension,hypotension,Low blood pressure
hypothalamus,hypothalamus,Brain region controlling hormones/temp
hypothesis,hypothesis,Suggested explanation (theory)
hypothetic,hypothetic,Assumed for the sake of argument
hypothetically,hypothetically,Supposing by theory
hypothyroidism,hypothyroidism,Underactive thyroid gland
hypotonic,hypotonic,Having lower osmotic pressure/concentration
hypovitaminosis,hypovitaminosis,Vitamin deficiency
hypoxia,hypoxia,A condition caused by a lack of oxygen in the tissues.
hz,Hz,Hertz (frequency)
i,i.,Idem (the same)
i-bolt,I-bolt,A bolt with an 'I' head
i-iron,I-iron,Iron beam shaped like an 'I'
ia,IA,Independent Association; or Artificial Intelligence
iae,IAE,Institute of Agricultural Engineering
iata,IATA,International Air Transport Association
ib,IB,Infectious Bronchitis (poultry)
ibex,ibex,A wild mountain goat
ibid,ibid,In the same place (ibidem)
ibis,ibis,A long-legged wading bird
ic,ic,Suffix/Type (context?)
ica,ICA,International Co-operative Alliance
iceland,Iceland,A country
ichor,ichor,Fluid from wounds (archaic/myth)
ichthyology,ichthyology,The study of fish
icicle,icicle,Hanging spike of ice
icon,icon,A symbol or image; famous person
icteric,icteric,Relating to jaundice
icterus,icterus,Jaundice
id,id,Prefix/Type (context?)
idea,idea,A thought or suggestion
ideal,ideal,Perfect or best possible; a standard
identification,identification,Identifying an individual; ID
identify,identify,To recognise or establish identity
identity,identity,State of being a specific individual
ideogram,ideogram,Symbol representing an idea
ideology,ideology,System of beliefs
idiom,idiom,A shared dialect; or a phrase
idiopathic,idiopathic,Spontaneous (disease of unknown cause)
idiosyncrasy,idiosyncrasy,Individual trait or quirk
idiot,idiot,Foolish person
idle,idle,Not working or active; to run an engine slowly
idleness,idleness,State of being inactive
idling,idling,Running an engine at low speed without work
idol,idol,An object of worship
idr,idr,Indirect (abbrev)
idyll,idyll,Happy simple scene (usually rural)
idz,IDZ,Interdisciplinary Zone
ie,ie,Id est (that is to say)
ieee,IEEE,Institute of Electrical and Electronics Engineers
ifad,IFAD,International Fund for Agricultural Development
ig,ig,Prefix or type (context?)
ignite,ignite,To catch fire or set fire to
ignition,ignition,Setting something on fire; engine start system
ignoble,ignoble,Dishonorable or base
ignominy,ignominy,Public shame
ignorant,ignorant,Lacking knowledge
ignore,ignore,To fail to notice or consider
iguana,iguana,A large tropical lizard
ileac,ileac,Relating to the ileum (gut)
ileitis,ileitis,Inflammation of the ileum
ileum,ileum,The last part of the small intestine
ilex,ilex,Holly plant genus
iliac,iliac,Relating to the hip bone (ilium)
ilium,ilium,The large broad bone of the pelvis
ilk,ilk,Type or sort
ill,ill,Sick or unwell; bad
illegal,illegal,Against the law
illegible,illegible,Difficult to read
illicit,illicit,Forbidden or unlawful
illiteracy,illiteracy,Inability to read/write
illiterate,illiterate,Unable to read/write
illness,illness,State of being sick
illogical,illogical,Not making sense
illuminate,illuminate,To light up; or clarify
illusion,illusion,False perception
illustrate,illustrate,To explain with pictures or examples
illustration,illustration,A picture or example
illustrator,illustrator,Person who creates pictures
illuviation,illuviation,The process by which minerals and nutrients are deposited in a lower layer of soil after being leached from an upper layer.
image,image,A picture or reflection; reputation
imago,imago,The adult stage of an insect
imbalance,imbalance,Lack of proportion or balance
imbed,imbed,To fix firmly
imbibe,imbibe,To drink or absorb
imbibition,imbibition,Absorption of water by a seed
imbricate,imbricate,Overlapping (like tiles)
imitation,imitation,A copy or fake
imm,imm,Prefix meaning not or in
immaculate,immaculate,Perfectly clean or faultless
immanent,immanent,Existing within
immaterial,immaterial,Unimportant or non-physical
immature,immature,Not fully grown or developed
immediacy,immediacy,Direct connection or speed
immediate,immediate,Happening right away
immense,immense,Huge or vast
immerse,immerse,To dip in liquid
immersion,immersion,The act of dipping
immigrant,immigrant,One who moves into a country
immigrate,immigrate,To move into a country
immigration,immigration,Moving into an area
imminent,imminent,About to happen soon
immobile,immobile,Not able to move
immolation,immolation,Sacrifice (often by fire)
immoral,immoral,Not morally right
immortal,immortal,Living forever
immortality,immortality,Eternal life
immortelle,immortelle,An everlasting flower
immune,immune,Safe from disease; protected
immune-response,immune response,Reaction to a pathogen
immune-system,immune system,Body's system for fighting disease
immunisation,immunisation,The process of making immune (vaccination)
immunise,immunise,To make immune (e.g. by vaccine)
immunity,immunity,Ability to resist infection/disease
immunization,immunization,"The process of making an animal immune to a disease, usually by vaccination."
immunize,immunize,Immunise (US spelling)
immunoassay,immunoassay,Test measuring substances via immune system
immunocompetent,immunocompetent,Able to produce a normal immune response
immunodeficiency,immunodeficiency,Failure of the immune system
immunology,immunology,The study of the immune system
immunosuppression,immunosuppression,Reduction of the immune response
immunosuppressive,immunosuppressive,Tending to lower immunity
immurance,immurance,Type or term (context?)
immure,immure,To imprison or wall in
immutable,immutable,Unchangeable
imp,imp,Prefix or type (context?)
impact,impact,A powerful effect or collision; to hit
impair,impair,To damage or weaken
impairment,impairment,Damage or weakness
impale,impale,To pierce with a stake
imparity,imparity,Inequality
impart,impart,To give or share (e.g. info)
impassable,impassable,Blocked or unable to be crossed
impasse,impasse,A deadlock
impassive,impassive,Without emotion
impatient,impatient,Tiring of waiting
impeachment,impeachment,Charging an official with a crime
impeccable,impeccable,Faultless
impede,impede,To delay or obstruct
impediment,impediment,An obstacle
impel,impel,To push forward
impeller,impeller,A rotating part of a pump or fan
impend,impend,To be about to happen
impenetrable,impenetrable,Unable to be pierced/entered
imperative,imperative,Critically important/commanding
imperfect,imperfect,Having faults
imperfection,imperfection,A fault or flaw
imperforate,imperforate,Lacking a normal opening
imperial,imperial,Relating to an empire; traditional UK units; high rank
imperil,imperil,To put at risk
imperious,imperious,Domineering
imperish,imperish,To last long
impermeability,impermeability,Inability of liquids/gases to pass through
impermeable,impermeable,Liquid-proof; not allowing passage
impersonal,impersonal,Not influenced by emotions or people
impetigo,impetigo,A bacterial skin infection
impetus,impetus,Moving force or energy
impinge,impinge,To strike or encroach
impish,impish,Playful and mischievous
implant,implant,To insert into the body; the inserted item
implantation,implantation,Action of inserting or fixing; embryo attachment
implanted,implanted,Inserted
implement,implement,A tool; to put into action
implementation,implementation,Act of putting into action
implicate,implicate,To involve or suggest; to entangle
implicit,implicit,Implied though not directly expressed
implode,implode,To burst inward
implore,implore,To beg transitionally
implosion,implosion,Act of bursting inward
imply,imply,To suggest without stating directly
impo-well,impo-well,A type or term (context?)
import,import,Goods brought from abroad for sale; to bring in
importable,importable,Able to be imported
importance,importance,State of being significant
important,important,Significant or necessary
importation,importation,Process of bringing goods from abroad
importer,importer,One who brings goods from abroad
importing,importing,Act of bringing goods in
impose,impose,To force something to be accepted
impossible,impossible,Not able to occur
impost,impost,A tax or duty; or a horse's weight load
impotence,impotence,Inability to perform sexually
impound,impound,To seize and hold (e.g. stray animals)
impounding,impounding,Seizing and holding water or animals
impoverish,impoverish,To make poor or exhausted (e.g. soil)
impoverished,impoverished,Poor or exhausted
impracticable,impracticable,Not feasible to do
imprecate,imprecate,To curse
impregnable,impregnable,Unable to be captured or broken
impregnate,impregnate,To make pregnant; to soak or saturate
impregnated,impregnated,Pregnant; or saturated
impregnation,impregnation,Action of becoming pregnant; or saturating
impress,impress,To influence or mark
impression,impression,A mark; or a belief/effect
imprint,imprint,A permanent mark or impression
imprinting,imprinting,Rapid learning in young animals (identifying parent/mate)
imprison,imprison,To put in jail
improbable,improbable,Unlikely to happen
improbit,improbit,A term or type (context?)
impromptu,impromptu,Done without planning (spontaneous)
improper,improper,Not right or suitable
improve,improve,To make better
improved,improved,Made better
improvement,improvement,Act of making something better
improver,improver,One who improves; or a substance (e.g. bread)
improvi,improvi,Prefix/Type relating to improve
improvisation,improvisation,Acting without planning
improvise,improvise,To act without planning
imprudent,imprudent,Unwise or rash
impudent,impudent,Rude and disrespectful
impugn,impugn,To challenge as false
impulse,impulse,Sudden desire or force
impulsion,impulsion,The act of impelling
impulsive,impulsive,Acting on sudden desire
impunity,impunity,Exemption from punishment
impure,impure,Not clean or pure; mixed
impurity,impurity,Something that makes impure; a contaminant
in,in,Prefix meaning not or in
in-quest,in-quest,An official inquiry
in-state,in-state,Within a state
in-vitro,in vitro,Referring to a biological process which takes place in a laboratory vessel (e.g. a test tube).
in-vivo,in vivo,Referring to a biological process which takes place in a living organism.
inability,inability,Lack of skill or power
inaccurate,inaccurate,Not precise/true
inactive,inactive,Not moving or working
inadequacy,inadequacy,State of being insufficient
inadequate,inadequate,Not enough
inanimate,inanimate,Not alive
inanition,inanition,Weakness from lack of food/water
inappetence,inappetence,Lack of appetite (refusal to eat)
inappropriate,inappropriate,Not suitable
inarticulate,inarticulate,Unable to speak clearly
inasmuch,inasmuch,To the extent that
inaudible,inaudible,Unable to be heard
inaugural,inaugural,Marking the start
inaugurate,inaugurate,To begin officially
inbreeding,inbreeding,Mating of closely related individuals
inbreeding-depression,inbreeding depression,Decreased fitness due to inbreeding
inbuilt,inbuilt,Built-in/internal
inc,inc,Prefix or type (context?)
incandescent,incandescent,Glowing with heat
incapable,incapable,Not able to do
incapacitate,incapacitate,To disable
incarcerate,incarcerate,To imprison
incase,incase,To enclose in a case
incendiary,incendiary,Designed to start fires
incentive,incentive,Something that encourages effort
inception,inception,The beginning
incertitude,incertitude,Uncertainty
incest,incest,Mating of very close relatives (inbreeding)
inch,inch,Unit of length (2.54 cm)
incidence,incidence,The rate of occurrence (e.g. of disease)
incident,incident,An event or occurrence
incidental,incidental,Happening as a minor accompaniment
incinerate,incinerate,To burn to ash
incinerator,incinerator,Machine used to burn waste
incipient,incipient,Beginning to happen
incise,incise,To cut into
incision,incision,A surgical cut
incisive,incisive,Sharp or direct
incisor,incisor,A front tooth designed for cutting
incisure,incisure,A notch or cut
incite,incite,To stir up or encourage (negative)
incitement,incitement,Act of inciting
incivility,incivility,Rudeness
inclave,inclave,Type or term (context?)
incle,incle,Type or term (context?)
inclination,inclination,Slope; or a tendency
incline,incline,A slope; to lean/tend
inclined,inclined,At a slope; or biased
inclos,inclos,Prefix or type (context?)
include,include,To contain as part of a whole
inclusion,inclusion,The act of including
incognito,incognito,In disguise/hidden identity
incoherent,incoherent,Not making sense/unstructured
income,income,Money received to an individual/business
incommode,incommode,To inconvenience
incomp-well,incomp-well,A type or term (context?)
incomparable,incomparable,Beyond comparison/excellent
incompatible,incompatible,Unable to exist or work together
incompetent,incompetent,Lacking skill/ability
incomplete,incomplete,Not finished or whole
inconceivable,inconceivable,Unbelievable/unthinkable
inconclusive,inconclusive,Not reaching a firm result
incondite,incondite,Crude or poorly made
incongruous,incongruous,Out of place/not fitting
inconsequent,inconsequent,Unimportant; or illogical
inconsiderable,inconsiderable,Small or unimportant
inconsistent,inconsistent,Changing or contradictory
inconspicuous,inconspicuous,Not clearly visible or attracting attention
incontinent,incontinent,Unable to control bowel/bladder
inconvenience,inconvenience,Trouble or nuisance
incorporate,incorporate,To include; or form a company
incorrect,incorrect,Not true or right
incorrigible,incorrigible,Unable to be corrected/bad
incrassate,incrassate,Thickened
increase,increase,To become greater in size/amount
increased,increased,Made greater
increasing,increasing,Growing in number/size
incredible,incredible,Unbelievable or extremely good
increment,increment,An increase/addition (often regular)
incremental,incremental,Increasing by stages
incrust,incrust,To cover with a hard crust
incrustation,incrustation,A hard outer coating
incubation,incubation,The process of keeping eggs warm for hatching; time for disease to appear
incubator,incubator,Machine for hatching eggs artificially; or for babies
incumber,incumber,To hinder or burden
incur,incur,To experience something unpleasant (e.g. debt)
incurable,incurable,Unable to be cured
incursion,incursion,A sudden invasion or attack
incus,incus,The anvil-shaped bone in the middle ear
ind,ind,Prefix or type (context?)
indebted,indebted,Owing money
indecent,indecent,Inappropriate or offensive
indecision,indecision,Difficulty in choosing
indeed,indeed,Truly or certainly
indefatigable,indefatigable,Tireless
indefinite,indefinite,Not clearly defined or unlimited
indemnify,indemnify,To compensate for loss or damage
indemnity,indemnity,Security or protection against loss; compensation
indent,indent,A notch or hollow; to order goods
indentation,indentation,A notch or space left at a margin
independent,independent,Not controlled by others
index,index,A list or indicator; to list
index-case,index case,First patient in an outbreak
index-numbers,index numbers,Figures representing value changes over time
indexat,indexat,Prefix relating to indexation
indexation,indexation,Relating prices to an index
india,India,A country in Asia
indian,indian,Relating to India
indicate,indicate,To point out or show
indication,indication,A sign or suggestion
indicator,indicator,An instrument or sign showing a value
indicator-plant,indicator plant,Plant whose presence/look shows soil/stress state
indicator-species,indicator species,A species which is sensitive to pollution and whose presence or absence provides an indicator of the health of an environment.
indicatory,indicatory,Showing or indicating
indict,indict,To formally charge with a crime
indictment,indictment,A formal charge/accusation
indifer,indifer,Prefix relating to indifferent
indifference,indifference,Lack of interest or concern
indigenous,indigenous,Native to an area; traditional
indigestible,indigestible,Unable to be digested
indigestion,indigestion,Difficulty in digesting food
indigm,indigm,Type or term (context?)
indigo,indigo,A plant yielding a blue dye; the color
indirect,indirect,Not direct; via something else
indirect-costs,indirect costs,Overheads not linked to one product
indirect-taxes,indirect taxes,Taxes like VAT/Excise on goods
indiscernible,indiscernible,Unable to be seen clearly
indispose,indispose,To make unwilling or unwell
indisposition,indisposition,Slight illness
indisputable,indisputable,Unable to be doubted
indistance,indistance,Lack of distance
indistinct,indistinct,Blurry or unclear
indium,indium,A soft silvery-white metal element
individual,individual,A single person or organism
individuality,individuality,The quality of being distinct
indocile,indocile,Difficult to train
indole,indole,A chemical compound in scents/feces
indole-acetic-acid,indole acetic acid,A natural plant growth hormone (auxin)
indonesian,indonesian,Relating to Indonesia
indoor,indoor,Located within a building
indoors,indoors,Inside a building
induce,induce,To bring about or persuade; to start labor
induced,induced,Brought about by external force
inducer,inducer,Agent that induces
induction,induction,The act of inducing; or starting a new job
inductive,inductive,Relating to induction
indue,indue,To provide or invest
indulge,indulge,To allow oneself a pleasure
indulgence,indulgence,Act of indulging
indurate,indurate,To harden
industrial,industrial,Relating to factories or manufacture
industrial-agriculture,industrial agriculture,Large-scale intensive farming
industrial-estate,industrial estate,Area zoned for factories
industrialization,industrialization,Process of developing industry
industrious,industrious,Hard-working
industry,industry,Production of goods or services; work
inedible,inedible,Not safe or good for eating
ineducable,ineducable,Unable to be taught
ineffable,ineffable,Indescribable
ineffective,ineffective,Not producing results
inefficacy,inefficacy,Lack of power to produce a result
inefficient,inefficient,Wasting time or resources
inelegant,inelegant,Lacking grace
ineligible,ineligible,Not qualified or allowed
inept,inept,Skilled-free/clumsy
inequitable,inequitable,Unfair
inert,inert,Inactive or non-reactive
inertia,inertia,Tendency to stay at rest or in motion
inescapable,inescapable,Impossible to avoid
inestimable,inestimable,Too great to calculate
inevitable,inevitable,Certain to happen
inevity,inevity,Inevitable state
inexact,inexact,Not precise
inexcusable,inexcusable,Too bad to be forgiven
inexpensive,inexpensive,Cheap/not costly
inexperienced,inexperienced,Lacking skill/practice
inexplicable,inexplicable,Unable to be explained
inexpressible,inexpressible,Indescribable
inf,inf,Prefix or type (context?)
infant,infant,A baby or very young child
infant-school,infant-school,School for young children
infantry,infantry,Soldiers who fight on foot
infarct,infarct,Area of dead tissue from lack of blood
infarction,infarction,Act of forming an infarct
infect,infect,To contaminate with germs or disease
infected,infected,Containing germs/disease
infection,infection,The presence of a pathogen in the body
infectious,infectious,Able to be passed from one to another
infectious-anemia,infectious anemia,A viral blood disease
infectious-bovine-rhinotracheitis,infectious bovine rhinotracheitis,A cattle respiratory disease (IBR)
infective,infective,Relating to or causing infection
infer,infer,To deduce from evidence
inference,inference,A deduced conclusion
inferior,inferior,Of lower quality/rank
infertile,infertile,Unable to produce offspring/fruit or crops
infertility,infertility,Inability to conceive or grow crops
infest,infest,To overrun in large numbers (especially pests)
infestation,infestation,State of being overrun by pests
infield,infield,Area of land near farm buildings
infirm,infirm,Weak or sick
infirmary,infirmary,A small hospital/clinic
infirmity,infirmity,Weakness or illness
inflame,inflame,To set on fire; to cause swelling/redness
inflamed,inflamed,Red and swollen
inflammation,inflammation,Body's response to injury/germs (swelling/redness)
inflammatory,inflammatory,Causing inflammation; or stirring anger
inflate,inflate,To fill with air/gas; or increase prices
inflation,inflation,The general increase in prices
inflect,inflect,To bend or change tone
inflection,inflection,A bend or change in voice/word ending
inflorescence,inflorescence,The arrangement of flowers on a plant stalk
inflow,inflow,Movement inward (liquid/cash)
influence,influence,Effective power over something
influential,influential,Having much influence
influenza,influenza,Flu (viral respiratory disease)
influx,influx,Mass arrival (water/people/cash)
info,info,Information (abbrev)
inform,inform,To give information
informal,informal,Casual or unofficial
informant,informant,One who provides info
information,information,Facts and data
informative,informative,Giving useful info
informer,informer,One who informs on others
infra,infra,Prefix meaning below or within
infra-red,infra-red,Heat radiation below visible red light
infraction,infraction,A violation of a rule/law
infrastructure,infrastructure,Basic systems for an organisation/country (roads/power)
infriction,infriction,Act of rubbing in
infringe,infringe,To violate a law or right
infringement,infringement,Violation
infuse,infuse,To soak or fill with a quality
infusion,infusion,Liquid made by soaking; or injection into a vein
infusoria,infusoria,Tiny aquatic organisms
ing,ing,Prefix or type (context?)
ingenuity,ingenuity,Skill or cleverness
ingenuous,ingenuous,Innocent and honest
ingest,ingest,To take into the body (eat/drink)
ingestion,ingestion,Process of taking in food/liquid
ingle,ingle,A fire or fireplace
ingot,ingot,A block of metal cast in a mould
ingrain,ingrain,To fix deeply; a type of dye/fiber
ingratiate,ingratiate,To gain favor by flattery
ingredient,ingredient,Part of a mixture (e.g. food/feed)
ingress,ingress,Act of entering or way in
inguinal,inguinal,Relating to the groin
inhabitant,inhabitant,A resident organism
inhale,inhale,To breathe in
inhaler,inhaler,Device for breathing in medicine
inherency,inherency,Existence as a natural part
inherent,inherent,Existing as a basic/natural part
inherit,inherit,To receive from parents (genes/assets)
inheritance,inheritance,Assets or genes passed down
inherited,inherited,Received from parents
inhibit,inhibit,To restrain or slow down
inhibitor,inhibitor,Substance that slows or stops a process
inhibitory,inhibitory,Tending to inhibit
inhuman,inhuman,Cruel or non-human
inhume,inhume,To bury
initial,initial,Occurring at the start
initial-terms,initial terms,Starting words or conditions
initiate,initiate,To start something
initiation,initiation,The act of starting
initiative,initiative,A new plan or readiness to act
inject,inject,To force into (e.g. medicine via needle)
injection,injection,Act of forcing in medicine/fuel
injector,injector,Device used for injecting (e.g. fuel)
injure,injure,To harm or damage
injured,injured,Harmed
injurious,injurious,Causing harm
injury,injury,Physical harm or damage
ink,ink,Coloured liquid for writing/printing
inkpad,inkpad,Sponge holding ink
inland,inland,Away from the coast; within a country
inlay,inlay,To set into a surface
inlet,inlet,Opening for water/air; small bay
inmate,inmate,Person living in an institution
inmost,inmost,Furthest inside
inn,inn,Small hotel/pub
innate,innate,Inborn or natural
innate-behavior,innate behavior,Instinctive action
inner,inner,Located inside
inner-ear,inner-ear,Depth part of the ear for hearing/balance
innocent,innocent,Free from guilt; harmless
innocuity,innocuity,Harmlessness
innocuous,innocuous,Not harmful
innovate,innovate,To introduce something new
innovation,innovation,A new idea or method
innovator,innovator,One who innovates
innuendo,innuendo,Indirect hint (often negative)
innumerability,innumerability,Countless state
innumerable,innumerable,Too many to count
inoculant,inoculant,Material used for inoculation
inoculate,inoculate,To treat with a vaccine or germs/rhizobia
inoculation,inoculation,The process of treating with a substance
inoculum,inoculum,Material used to start an infection/process
inodorous,inodorous,Having no smell
inoffensive,inoffensive,Not causing harm/offense
inoperable,inoperable,Unable to be worked or operated on
inoperative,inoperative,Not working
inordinate,inordinate,Excessive or unusual
inorganic,inorganic,Not relating to or from living things
inorganic-chemistry,inorganic chemistry,Chemistry of non-organic compounds
inorganic-fertilizer,inorganic fertilizer,"A fertilizer which is made of minerals or chemicals, as opposed to organic manure."
inorganical,inorganical,Inorganic
inputs,inputs,Resources put into a system (e.g. seeds/labour)
inquire,inquire,To ask for info
inquiry,inquiry,Act of asking for info
inr,inr,Prefix or type (context?)
inrush,inrush,Sudden inward flow
ins,ins,Prefix or type (context?)
insalubrious,insalubrious,Unhealthy
insane,insane,Crazy or foolish
insanity,insanity,State of madness
insatiable,insatiable,Never satisfied
inscribe,inscribe,To write or engrave
inscription,inscription,Words inscribed
insect,insect,Small arthropod with 6 legs/3 segments
insect-powder,insect powder,Powdered insecticide
insecticidal,insecticidal,Killing insects
insecticide,insecticide,A chemical preparation designed specifically to kill insects.
insecticide-resistance,insecticide-resistance,Ability of insects to survive chemicals
insectife,insectife,Prefix relating to insect-bearing
insectivorous,insectivorous,Insect-eating
insectology,insectology,The study of insects (entomology)
insecure,insecure,Not safe or confident
insecurity,insecurity,Lack of safety/confidence
inseminate,inseminate,To introduce semen
insemination,insemination,The process of mating or AI
insensitive,insensitive,Not feeling or responsive
insentient,insentient,Lacking sense or life
inseparate,inseparate,Not divided
insert,insert,To put inside
insertion,insertion,The act of putting inside
inside,inside,The interior
insider,insider,Person within an organisation
insight,insight,Deep understanding
insignia,insignia,Badge or sign of rank
insignificance,insignificance,Unimportance
insignificant,insignificant,Unimportant or tiny
insincere,insincere,Not honest/earnest
insinuant,insinuant,Indirectly hinting
insinuate,insinuate,To hint indirectly; to slide in
insinuation,insinuation,Indirect suggestion
insipid,insipid,Lacking flavor or interest
insist,insist,To state firmly
insit,insit,Prefix or type (context?)
insitu,insitu,In the original place (in situ)
insobriety,insobriety,Drunkenness
insolate,insolate,To expose to sunlight
insolation,insolation,Exposure to sun's rays
insolence,insolence,Rudeness
insoluble,insoluble,Unable to be dissolved
insolvency,insolvency,Inability to pay debts
insolvent,insolvent,Bankrupt or broke
insomnia,insomnia,Inability to sleep
inspect,inspect,To look at closely for faults
inspection,inspection,The act of inspecting
inspector,inspector,Person who inspects
inspectorate,inspectorate,An official body of inspectors
inspiration,inspiration,Inhaling; or a creative thought
inspire,inspire,To inhale; to encourage creativity
inst,inst,Prefix or type (context?)
instability,instability,Lack of steadiness
install,install,To set up equipment/software
installation,installation,Act of setting up equipment
instalment,instalment,One of several payments
instance,instance,An example or case
instant,instant,Happening right away; immediate
instantaneous,instantaneous,Immediate
instantly,instantly,At once
instar,instar,Growth stage between molts in insects
instead,instead,In place of
instep,instep,The top of the foot between toes and ankle
instigate,instigate,To start or stir up (negative)
instigation,instigation,Act of instigating
instil,instil,To introduce gradually (e.g. an idea)
instinct,instinct,Innate behavior
instinctive,instinctive,Done by instinct
institute,institute,An organisation; to start
institution,institution,A large organization or establishment
institutional,institutional,Relating to an institution
instruct,instruct,To teach or order
instruction,instruction,Teaching or a direction
instructor,instructor,Teacher or trainer
instrument,instrument,A tool/device; musical device
instrumental,instrumental,Useful or involving instruments
instrumentat,instrumentat,Prefix relating to instrumentation
instrumentation,instrumentation,The use of measuring instruments
insubordinate,insubordinate,Disobedient to authority
insufferable,insufferable,Unbearable
insufficiency,insufficiency,Lack of enough supply
insul,insul,Prefix relating to island or insulation
insulant,insulant,Material used for insulation
insular,insular,Relating to an island; narrow-minded
insulate,insulate,To protect from heat/noise/electricity loss
insulation,insulation,Material used to insulate; the process
insulator,insulator,Material that does not conduct heat/electricity
insulin,insulin,Hormone regulating blood sugar
insulini,insulini,Prefix/Type relating to insulin
insult,insult,An offensive remark; to offend
insurable,insurable,Able to be insured
insurance,insurance,Protection against financial loss
insure,insure,To buy insurance for
insurer,insurer,Company providing insurance
intact,intact,Undamaged or whole
intake,intake,Amount taken in (e.g. food/air)
intangible,intangible,Unable to be touched (abstract)
integral,integral,Essential or necessary part; whole
integrate,integrate,To join parts into a whole
integrated-pest-management,Integrated Pest Management,An ecosystem-based strategy that focuses on long-term prevention of pests or their damage through a combination of techniques (IPM).
integration,integration,The act of combining
integrity,integrity,Honesty or wholeness
integument,integument,A natural covering (skin/husk)
intellect,intellect,Power of the mind/reasoning
intellectual,intellectual,Relating to the mind; high logic
intellectual-property,intellectual property,Legal rights over creations (e.g. PC/breeding)
intelligence,intelligence,Ability to learn and understand
intelligent,intelligent,Having high intelligence
intelligible,intelligible,Able to be understood
intemp,intemp,Prefix relating to intemperance
intemperance,intemperance,Lack of moderation (excess)
intemperate,intemperate,Lacking moderation; extreme weather
intend,intend,To plan or mean to do
intended,intended,Planned
intense,intense,Very strong or extreme
intensification,intensification,The process of making more intense
intensify,intensify,To make stronger/more intense
intensity,intensity,The strength or degree of something
intensive,intensive,Concentrated or thorough
intensive-agriculture,intensive agriculture,High-input high-output farming
intent,intent,Purpose or focus
intention,intention,A plan or aim
intentional,intentional,Done on purpose
inter,inter,Prefix meaning between or among
inter-regna,inter-regna,Periods between reigns
interact,interact,To act on each other
interaction,interaction,The act of interacting
interactive,interactive,Allowing interaction
interbreed,interbreed,To breed together different species/types
interbreeding,interbreeding,Mating between different populations
intercept,intercept,To stop or catch something moving
interceptor,interceptor,One who intercepts
interchange,interchange,To swap or exchange
intercourse,intercourse,Connection or communication; mating
intercrop,intercrop,To grow a crop between rows of another
intercropping,intercropping,The strategic planting of two or more different crops in the same field simultaneously.
interdependence,interdependence,Mutually relying
interdict,interdict,An official prohibition
interest,interest,Payment for money lent; concern
interest-rate,interest rate,Percentage price of a loan
interested,interested,Showing concern/interest
interesting,interesting,Holding attention
interface,interface,Point of connection (e.g. human/PC)
interfere,interfere,To meddle or obstruct
interference,interference,Act of meddling; or noise
interim,interim,Temporary or provisional
interior,interior,The inside
interject,interject,To interrupt or add a remark
interlace,interlace,To weave together
interleaf,interleaf,A blank page in a book
interleave,interleave,To insert pages between
interlink,interlink,To connect together
interlock,interlock,To join firmly together
interlocution,interlocution,Dialogue
interlope,interlope,To meddle where not wanted
interlude,interlude,A pause or gap in time
intermediary,intermediary,A middleman
intermediate,intermediate,Coming between two stages
interment,interment,Burial
intermet,intermet,A type or term (context?)
intermezzo,intermezzo,Short musical piece
intermingle,intermingle,To mix together
intermit,intermit,To stop for a time
intermittent,intermittent,Happening at intervals; not steady
intermix,intermix,To mix thoroughly
internal,internal,Located on the inside
internal-parasite,internal parasite,Parasite living inside (e.g. fluke/worm)
internat,internat,Prefix relating to international
international,international,Between different countries
international-sheep-dog-society,International Sheep Dog Society,Dog registry (ISDS)
interne,interne,A trainee/resident
internet,internet,Global computer network
interoperability,interoperability,Ability of systems to work together
interpolate,interpolate,To insert new material; estimate between points
interpolation,interpolation,The act of interpolating
interpret,interpret,To explain the meaning of
interpretation,interpretation,An explanation or version
interpreter,interpreter,Person who translates/explains
interpupillary,interpupillary,Distance between pupils
interrelate,interrelate,To have a connection between
interrelationship,interrelationship,Connection between two things
interrogat,interrogat,Prefix relating to interrogation
interrogate,interrogate,To question closely
interrogation,interrogation,Questioning closely
interrupt,interrupt,To stop or hinder something temporarily
interruption,interruption,A temporary stop
intersect,intersect,To cross each other
intersection,intersection,Place where lines/roads cross
intersperse,intersperse,To scatter between
interstate,interstate,Between states
interstice,interstice,A small gap or space
interstitial,interstitial,Located in small gaps
intertwine,intertwine,To twist together
interval,interval,Gap in time or space
intervene,intervene,To come between to affect an outcome
intervention,intervention,The act of intervening
interview,interview,A formal meeting for info/job
interweave,interweave,To weave together
intestacy,intestacy,Dying without a will
intestate,intestate,Without a will
intestinal,intestinal,Relating to the gut
intestine,intestine,Tube carrying food after the stomach (gut)
intimacy,intimacy,Close relationship
intimate,intimate,Close; or to suggest
intimidation,intimidation,Frightening someone into action
into,into,Moving to the inside
intolerable,intolerable,Unbearable
intolerance,intolerance,Inability to bear (e.g. food/others)
intoxicant,intoxicant,A drug or alcohol
intoxicate,intoxicate,To make drunk or high
intoxication,intoxication,State of being drunk/poisoned
intra,intra,Prefix meaning within
intracity,intracity,Within a city
intractable,intractable,Difficult to control/manage
intradermal,intradermal,Within the skin
intramammary,intramammary,Within the udder/breast
intramuscular,intramuscular,Within the muscle (injection)
intranasal,intranasal,Within the nose
intransigent,intransigent,Unwilling to change position
intrauterine,intrauterine,Within the womb
intravenous,intravenous,Within a vein (injection) (IV)
intrench,intrench,To fix firmly; dig in
intrepid,intrepid,Fearless
intricate,intricate,Detailed and complex
intrigue,intrigue,Secret planning; or to interest
intrinsic,intrinsic,Essential/belonging naturally
intrinsical,intrinsical,Intrinsic
introduce,introduce,To present for the first time/bring in
introduction,introduction,A start or presentation; prelude
introductory,introductory,Serving as an intro
introspection,introspection,Self-examination
introvert,introvert,Shy person
intrude,intrude,To enter without permission
intrusion,intrusion,The act of intruding
intuition,intuition,Instinct or gut feeling
inundate,inundate,To flood or overwhelm
inundation,inundation,A flood
inure,inure,To accustom to hardship
inutility,inutility,Uselessness
inv,inv,Prefix or type (context?)
invacuate,invacuate,Type or term (context?)
invade,invade,To enter as an enemy
invader,invader,One who invades
invalid,invalid,Not valid or sick person
invalidate,invalidate,To make null or void
invaluable,invaluable,Extremely useful
invasion,invasion,Act of invading
invasive,invasive,Spreading aggressively (of species)
invasive-species,invasive species,Aggressive non-native organism
invection,invection,Type or term (context?)
invective,invective,Abusive language
inveigh,inveigh,To speak against strongly
inveigle,inveigle,To persuade with deception
invent,invent,To create for the first time
invention,invention,A newly created device/idea
inventiveness,inventiveness,Capability to invent
inventor,inventor,One who invents
inventory,inventory,A list of stock or property
inverse,inverse,Opposite in order or effect
inversion,inversion,Turning upside down; or atmospheric layer
invert,invert,To turn upside down/inside out
invertebrate,invertebrate,An animal lacking a backbone (e.g. insect)
inverted,inverted,Upside down
invest,invest,To put money into something for profit
investigate,investigate,To search for facts/truth
investigation,investigation,Act of searching for facts
investigator,investigator,One who investigates
investing,investing,Act of putting money into a project
investment,investment,Money put into a business; the asset
investor,investor,One who puts money into an asset
inveterate,inveterate,Long-established or habitual
invidious,invidious,Unfair and likely to cause resentment
invigorate,invigorate,To give energy to
invincible,invincible,Too strong to be defeated
invisible,invisible,Unable to be seen
invitation,invitation,A request to participate
invite,invite,To request presence/action
inviting,inviting,Attractive or welcoming
invoice,invoice,List of goods sent and price (bill)
invoke,invoke,To call upon (e.g. law/spirit)
involucre,involucre,Whorl of bracts at a flower base
involuntary,involuntary,Done without conscious control
involve,involve,To include or affect
involved,involved,Complicated or included
invulnerable,invulnerable,Impossible to harm
inward,inward,Towards the inside
inwrap,inwrap,To wrap up
iodate,iodate,A salt of iodine
iodine,iodine,A non-metallic grayish element (nutrient/disinfectant)
iodize,iodize,To treat with iodine
ion,ion,Charged atom or molecule
ion-exchange,ion exchange,Process used to soften water
ionic,ionic,Relating to ions
ionize,ionize,To form ions
ionizing-radiation,ionizing radiation,High-energy radiation (e.g. X-rays)
ionosphere,ionosphere,Atmosphere layer with ions
iota,iota,A tiny amount; or a Greek letter
ipa,IPA,International Phonetic Alphabet; or Isopropyl Alcohol
ippon,ippon,Winning point (judo)
ipr,ipr,Intellectual Property Rights
ips,ips,Prefix meaning self
ipu,IPU,Inter-Parliamentary Union
ira,IRA,Irish Republican Army; or Individual Retirement Account
iran,Iran,A country in the Middle East
iranian,Iranian,Relating to Iran
iraq,Iraq,A country
iraqi,Iraqi,Relating to Iraq
irascible,irascible,Easily angered
irate,irate,Extremely angry
ireland,Ireland,A country/island
irid,irid,Prefix relating to the iris or rainbow
iridium,iridium,A hard silvery-white metal element
iris,iris,Colored part of the eye; or a flowering plant
irish,Irish,Relating to Ireland
irish-setter,Irish Setter,A breed of red hunting dog
irk,irk,To annoy
iron,iron,A silver-gray metal element (Fe); to smooth clothes
iron-clad,iron-clad,Covered in iron; or very strong
iron-deficiency,iron deficiency,Lack of iron causing yellow leaves (chlorosis)
iron-oxide,iron-oxide,Rust or iron ore
iron-work,iron-work,Items made of iron
irone,irone,A chemical in violet oil
ironic,ironic,Opposite of expected/sarcastic
ironing,ironing,Smoothing cloth with heat
ironmonger,ironmonger,Seller of iron tools/hardware
irony,irony,Sarcastic wit
irradia,irradia,Prefix relating to irradiation
irradiance,irradiance,Amount of light falling on a surface
irradiate,irradiate,To expose to radiation
irradiation,irradiation,Process of treating with radiation (e.g. food/seeds)
irrigation,irrigation,The artificial application of water to land to assist in crop production.
italian-ryegrass,Italian ryegrass,"A very fast-growing pasture grass, used for hay and silage."
ivory-nut,ivory-nut,"The very hard seed of a South American palm tree (tagua), used as a substitute for ivory."
jacob,Jacob,"A hardy breed of sheep, with several horns and white fleece with dark patches."
jaundice,jaundice,"A condition where the skin and the eyes turn yellow, caused by an excess of bile in the blood."
jersey,Jersey,"A British breed of small dairy cattle from Jersey, in the Channel Islands."
johne-s-disease,Johne's disease,"A chronic infectious bacterial disease of cattle and sheep, causing diarrhoea and wasting."
johnson-grass,Johnson grass,"A tall, perennial grass that is a major weed in many crops (Sorghum halepense)."
joint-ill,joint-ill,"A bacterial disease of young lambs and calves, causing local inflammation of joints."
jute,Jute,"A plant fiber used for making ropes, bags, and durable textiles."
kale,kale,"A type of brassica grown for its green leaves, often as animal feed."
kernel,kernel,The inner part of a nut or seed.
kerry-hill,Kerry Hill,A breed of sheep with black and white faces.
ketosis,ketosis,"A metabolic disorder in cattle, caused by a lack of carbohydrates."
kidney-bean,kidney bean,A type of bean shaped like a kidney.
kilogram,Kilogram,"A metric unit of mass (1,000 grams)."
king-edward,King Edward,A popular variety of maincrop potato.
kjeldahl-method,Kjeldahl method,A method used to determine the nitrogen content of organic substances.
knapsack-sprayer,Knapsack Sprayer,"A portable, shoulder-mounted tank used by farmers to apply chemical treatments to crops."
kohlrabi,kohlrabi,A type of cabbage with a swollen edible stem.
lactation,lactation,The production of milk by a female mammal.
lactation-period,lactation period,The period following birth during which a female mammal produces milk.
lactose,lactose,A type of sugar found in milk.
ladybug-beetle,Ladybug beetle,"a small, dome-backed beetle belonging to the family Coccinellidae"
lambing,lambing,The process of a sheep giving birth to lambs.
landrace,Landrace,A breed of pig that is white with large drooping ears.
large-white,Large White,"A British breed of domestic pig, one of the most numerous of all pig breeds."
larva,larva,"The immature stage of an insect (e.g. caterpillar, maggot)."
late-blight,Late blight,A highly destructive disease of potato and tomato caused by Phytophthora infestans.
lateral,lateral,Relating to the side of something.
latex,latex,A milky liquid produced by certain plants (e.g. rubber trees).
leaching,leaching,The process by which minerals and nutrients are washed out of the soil by rain.
leather-jacket,leather jacket,"The larva of the crane fly, which is a pest of grass and cereal crops."
leek,leek,"A vegetable with a long white stem and green leaves, related to the onion."
legume,legume,"A plant belonging to the family Leguminosae (e.g. peas, beans, clover) which can fix nitrogen from the air."
leicester-longwool,Leicester Longwool,A traditional breed of whitefaced sheep with a long curly fleece.
lentil,lentil,A type of small legume with edible seeds.
lettuce,lettuce,A plant with large green leaves used in salads.
ley,ley,"A field of grass or clover sown for a specific period, as part of a crop rotation."
lice,lice,Small wingless parasites which live on the skin of animals. Singular: louse.
lignin,lignin,A substance which makes plant cells woody and rigid.
lime,lime,"Calcium oxide or calcium hydroxide, used to reduce soil acidity, or a small citrus fruit."
limousin,Limousin,A breed of golden-red beef cattle from France.
linseed,linseed,"The seeds of the flax plant, which are used to produce oil."
liquid-manure,liquid manure,"A mixture of animal urine and water, used as a fertilizer."
listeriosis,listeriosis,"A bacterial disease caused by Listeria, which can cause meningitis or abortion in sheep and cattle."
litre,Litre,A metric unit of volume.
liver-fluke,liver fluke,A parasitic flatworm which lives in the bile ducts of cattle and sheep.
livestock,livestock,Domesticated animals kept on farmlands for commercial use or consumption.
livestock-unit,livestock unit,A unit used to compare different types of livestock (e.g. 1 cow = 1 LU). Abbr LU.
loam,loam,"A rich soil which is a mixture of sand, silt and clay."
lodging,lodging,The flattening of a cereal crop by wind or rain.
longwool,Longwool,A group of sheep breeds developed for their long fleece.
lucerne,lucerne,"A leguminous plant with high-protein leaves, used for hay and silage (alfalfa)."
lungworm,lungworm,"A parasitic worm which lives in the lungs of cattle, sheep and other animals."
lupin,lupin,"A leguminous plant with brightly-coloured flowers, some varieties of which are grown for their protein-rich seeds."
maintenance-ration,maintenance ration,"The amount of food an animal needs simply to maintain its body weight and health, without producing milk or gaining weight for meat."
maize,Maize,A widely grown cereal plant that produces large ears of grain.
maize-corn,Maize (Corn),"Cultivated primarily for animal feed, widely grown in Shan State and upland regions."
major-element,major element,Another name for macronutrient.
mangosteen,Mangosteen,A tropical fruit with white flesh known for its exquisite flavor.
manual,manual,Relating to work done with the hands.
manure,manure,Organic waste from animals utilized as a natural soil enhancer.
marginal-land,marginal land,Land where the cost of production is nearly equal to the value of the crop produced.
mastitis,mastitis,"Inflammation of the mammary gland, usually caused by a bacterial infection."
meadow-fescue,meadow fescue,A common type of pasture grass used for grazing and hay.
mealy-bug,Mealy bug,"Soft-bodied, scale insects often covered in a white cottony substance."
mechanical-harvesting,mechanical harvesting,The process of harvesting a crop using a machine rather than by hand.
mechanization,mechanization,The use of machines to do work that was formerly done by hand or with draft animals.
metabolism,metabolism,The chemical processes that occur within a living organism in order to maintain life.
methane,methane,"A colourless, odourless flammable gas which is produced by the decay of organic matter."
micro-organism,micro-organism,"An organism which can only be seen with a microscope (e.g. bacteria, fungus)."
micronutrient,micronutrient,"A chemical element (e.g. copper or zinc) which is necessary for the healthy growth of an organism, but only in very small quantities."
mildew,mildew,A type of fungal disease in which the leaves of a plant are covered with a powdery white substance.
miles,Miles,"A unit of length (5,280 feet)."
milk-fever,milk fever,Another name for hypocalcaemia.
milk-powder,milk powder,Another name for dried milk.
milk-quota,milk quota,A limit placed on the amount of milk that a farmer or a country can produce.
milking-parlour,milking parlour,A specialized building where cows are brought to be milked.
millet,Millet,A group of highly varied small-seeded grasses used as cereal crops.
mineral-deficiency,mineral deficiency,A condition caused by a lack of one or more minerals in an organism's diet.
minimal-cultivation,minimal cultivation,"A system of preparing land for sowing where the soil is moved as little as possible, using herbicides to kill previous vegetation."
mite,mite,"A tiny parasite, related to a spider, which can infest plants or animals."
mixed-farming,mixed farming,A system of farming which involves both the growing of crops and the keeping of livestock.
mixed-intercropping,Mixed Intercropping,an intercropping with no distinct row arrangement
moisture-content,moisture content,The amount of water contained in a substance (e.g. soil or grain).
mole-cricket,Mole cricket,Burrowing insects that damage roots and tubers.
mole-drainage,mole drainage,A system of drainage which uses a mole plough to create unlined channels (mole drains) in clay subsoil.
molluscicide,molluscicide,A chemical used to kill molluscs such as slugs and snails.
monocot,Monocot,"a major category of flowering plants whose seeds contain only one embryonic leaf, or ""seed leaf"""
monocotyledon,monocotyledon,"A plant whose seeds have a cotyledon with only one part (e.g. grass, cereal)."
monoculture,monoculture,The system of growing only one type of crop on the same area of land year after year.
monogastric,monogastric,"An animal with a single stomach, such as a pig or a bird, as opposed to a ruminant."
mortality,mortality,The rate of death in a particular group of organisms.
mosaic,Mosaic,A viral disease causing mottling and discoloration of leaves.
mouldboard-plough,mouldboard plough,A type of plough which has a curved plate (mouldboard) designed to turn the soil over to one side.
moulting,moulting,The seasonal loss of feathers or hair in animals.
mower,mower,A machine for cutting grass.
mrigal,Mrigal,A bottom-feeding fish in the carp family used in aquaculture.
muck,muck,Animal manure which is mixed with bedding (e.g. straw).
muck-spreader,muck spreader,A machine for spreading muck (manure and straw) over a field.
mulch,mulch,"A protective layer of material, such as straw, spread over soil to preserve moisture."
mule,mule,"The sterile offspring of a male donkey and a female horse, or a type of crossbred sheep in northern England."
muriate-of-potash,Muriate of potash,"Potassium chloride, the most common potassium fertilizer (MOP)."
mushroom,mushroom,An edible fungus.
mustard,mustard,A plant with yellow flowers which is grown for its seeds (used as a spice) or as a green manure crop.
mutation,mutation,"A sudden change in the genetic material of an organism, which can be passed on to its offspring."
mutton,mutton,"Meat from a mature sheep (usually more than one year old), as opposed to lamb."
natural-liquid-fertilizer,Natural Liquid Fertilizer,"A nutrient-rich fluid created by fermenting organic waste, often applied directly to plant leaves."
natural-selection,natural selection,The process by which organisms that are better adapted to their environment tend to survive and produce more offspring.
nematocide,nematocide,A chemical used to kill nematodes.
nematode,nematode,A type of small worm (e.g. eelworm) which can be a parasite of plants or animals.
newcastle-disease,Newcastle disease,A highly contagious viral disease of poultry (fowl pest).
nitrate,nitrate,"A salt or ester of nitric acid, an important source of nitrogen for plants."
nitrification,nitrification,The process by which bacteria in the soil convert ammonia into nitrites and nitrates.
nitrogen,Nitrogen,A vital chemical element required for vigorous plant development and a staple in fertilizers.
nitrogen-cycle,nitrogen cycle,The series of processes by which nitrogen and its compounds are interconverted in the environment and in living organisms.
nitrogen-fixation,nitrogen fixation,The process by which certain bacteria (especially in the root nodules of legumes) convert atmospheric nitrogen into compounds which can be used by plants.
node,node,A point on a plant stem from which a leaf or branch grows.
non-selective-herbicide,non-selective herbicide,"A herbicide which kills all plants it comes into contact with, as opposed to a selective herbicide."
non-selective-herbicides,Non-selective herbicides,"powerful, broad-spectrum chemicals that kill or damage any green vegetation they contact"
nose-ring,nose ring,A metal ring put through the nose of a bull or pig to help control it.
notifiable-disease,notifiable disease,An infectious disease which by law must be reported to the authorities (e.g. foot and mouth disease).
nozzle,nozzle,The part at the end of a sprayer or hose which controls the output.
npk,NPK,"Symbol for a complete fertilizer containing nitrogen (N), phosphorus (P) and potassium (K)."
npk-fertilizer,NPK Fertilizer,"A common chemical blend containing Nitrogen, Phosphorus, and Potassium to support various plant functions."
nut-grass,Nut grass,A species of sedge that is one of the world's worst weeds (Cyperus rotundus).
nutrient,nutrient,A substance that provides nourishment essential for the maintenance of life and for growth.
oat,oat,"A cereal plant which is grown for its grain, used for food and animal feed."
offal,offal,"The internal organs of an animal, especially those used as food."
oilseed-rape,oilseed rape,A plant with bright yellow flowers grown for its seeds which produce oil.
omasum,omasum,"The third part of the stomach of a ruminant, which has a folded lining."
onion,onion,"A bulbous vegetable with a sharp taste, used as a fundamental base in global cuisines."
orchard,orchard,An area of land planted with fruit trees.
organic,organic,"Originating from living matter, or farming methods that avoid synthetic chemicals."
organic-agriculture,Organic agriculture,"A production system that sustains the health of soils, ecosystems, and people, relying on ecological processes, biodiversity and cycles adapted to local conditions."
organic-farming,organic farming,An ecological approach to agriculture that avoids synthetic pesticides and chemical fertilizers.
organism,organism,A single-celled or multicellular living thing.
osmosis,osmosis,The movement of a solvent through a semi-permeable membrane from a less concentrated solution to a more concentrated one.
out-winter,out-winter,To keep livestock outdoors during the winter months.
ovary,ovary,"The female reproductive organ in which eggs are produced, or the part of a flower which contains the ovules."
over-grazing,over-grazing,"The practice of allowing too many animals to graze an area for too long, leading to damage to the vegetation and soil."
ovulation,ovulation,The release of an egg from the ovary.
ovum,ovum,A mature female reproductive cell. Plural: ova.
ox,ox,A castrated male bovine animal used for draft purposes. Plural: oxen.
oxford-down,Oxford Down,A large breed of heavy-fleshed sheep.
paddy,Paddy,"Rice in the husk, whether in the field or after being harvested."
paddy-rice,Paddy (Rice),"Myanmar's most significant agricultural product and food staple, cultivated primarily in river basins and delta regions."
pancreas,pancreas,A gland behind the stomach which secretes digestive enzymes and insulin.
papaya,papaya,A tropical fruit with orange flesh and small black seeds (pawpaw).
parasite,parasite,"A life form that draws nutrients from a host organism, potentially causing harm."
parent-stock,parent stock,The original animals or plants from which a cross or hybrid is produced.
parturition,parturition,The act of giving birth.
pasteurization,pasteurization,The process of heating milk or other liquids to a specific temperature for a certain time so as to kill bacteria.
pasture,pasture,An area of grassland specifically managed for livestock grazing.
pathogen,pathogen,"A bacterium, virus, or other microorganism that can cause disease."
pea,pea,A leguminous plant with round green seeds in pods.
peanut-groundnut,Peanut (Groundnut),A widely grown oilseed crop preferred in sandy riverside soils for local oil production and food.
pear,pear,A sweet fruit with a rounded base and a tapered stem.
peat,peat,A dark brown organic material formed by the partial decay of vegetable matter in wet acidic conditions.
pedigree,pedigree,"The record of descent of an animal, showing it to be purebred."
pellet,pellet,A small compressed mass of material (e.g. animal feed or medicine).
pen,pen,A small enclosure for livestock.
perennial,perennial,A plant that lives for more than two years.
pest,pest,An insect or other animal that attacks crops or livestock.
pesticide,pesticide,"A broad category of chemicals used to eliminate pests, including insects."
petal,petal,One of the coloured segments of the corolla of a flower.
ph,pH,"A measure of the acidity or alkalinity of a substance, on a scale of 0 to 14."
phloem,phloem,The vascular tissue in plants that conducts sugars and other metabolic products downward from the leaves.
phosphate,phosphate,"A salt or ester of phosphoric acid, used as a fertilizer."
photosynthesis,photosynthesis,The biological process where plants convert solar energy into nutritional chemical energy.
pickup-baler,pickup baler,A machine which picks up cut grass or straw and compresses it into bales.
pietrain,Pietrain,"A breed of medium-sized white pig with black spots, known for having a high proportion of lean meat."
pig,Pig,Domesticated animals kept on farms for meat production.
pigeon-pea,Pigeon Pea,A nutritious legume that is a key exported pulse from Myanmar.
piglet,piglet,A young pig.
pistil,pistil,"The female organs of a flower, comprising the stigma, style and ovary."
placenta,placenta,"The organ that develops in the uterus during pregnancy, providing oxygen and nutrients to the growing foetus."
plantlet,plantlet,A young or small plant produced from a seed or from tissue culture.
plough,plough,A traditional or mechanical farm tool designed to turn and aerate the topsoil.
plum,plum,A fleshy fruit with a smooth skin and a single hard stone.
pneumonia,pneumonia,"Inflammation of the lungs, often caused by bacterial or viral infection."
poaching,poaching,The damage caused to wet grassland by the feet of heavy animals.
pod,pod,A long seed vessel of a leguminous plant.
pollen,pollen,"A fine powdery substance produced by the anthers of a flower, containing the male gametes."
pollination,pollination,The mechanism of moving pollen from a male plant part to a female part for reproduction.
pollution,pollution,The presence of harmful or poisonous substances in the environment.
polytunnel,polytunnel,"A long tunnel made of polyethylene stretched over a frame, used for growing crops."
pomelo,Pomelo,"The largest citrus variety, known for its thick skin and segmented pulp."
pork,pork,"Meat from a pig, usually from an animal which is younger than a baconer."
post-emergence-herbicides,Post-emergence herbicides,"applied to actively growing, already emerged weeds"
post-harvest-technology,Post-harvest technology,"Interdisciplinary 'science and technique' applied to agricultural produce after harvest for its protection, conservation, processing, packaging, distribution, marketing, and utilization."
post-mortem-examination,post-mortem examination,An examination of a body after death to determine the cause of death.
potash,potash,"Potassium carbonate or other potassium compounds, used as a fertilizer."
potato,potato,"A starchy, versatile tuber that serves as a major global source of nutrition."
poultry,poultry,"Domestic birds kept for their eggs or meat (e.g. chickens, ducks, geese)."
powdery-mildew,Powdery mildew,A fungal disease that covers plant surfaces with white powdery growth.
power-take-off,power-take-off,A shaft on a tractor used to drive an implement. Abbr PTO.
power-tiller,Power Tiller,"A versatile, two-wheeled walking tractor popular among small-scale farmers for cultivating land."
pre-emergence-herbicides,Pre-emergence herbicides,preventative treatments applied to soil before weed seeds germinate
precision-drilling,precision drilling,A system of sowing seeds at exact distances and depths.
precision-farming,Precision farming,"A management concept based on observing, measuring and responding to inter and intra-field variability in crops."
predator,predator,An animal that naturally preys on others.
pregnancy,pregnancy,The state of being pregnant.
primary-cultivation,primary cultivation,The first stage of soil preparation (e.g. ploughing).
production-ration,production ration,The amount of food an animal needs in addition to its maintenance ration so as to produce milk or gain weight.
progeny-testing,progeny testing,A method of evaluating the genetic quality of a parent by measuring the performance of its offspring.
prolific,prolific,Producing many offspring or fruit.
propagate,propagate,To produce new plants or animals from a parent stock.
prophylaxis,prophylaxis,The prevention of disease.
protein,protein,"An essential nutrient found in food such as meat, milk, and beans, necessary for the growth and repair of body tissues."
pruning,pruning,The selective removal of branches to direct growth or improve a plant's structure.
puberty,puberty,The period during which an organism reaches sexual maturity.
pullet,pullet,"A young female domestic fowl, less than one year old."
pulse,pulse,"The edible seeds of several leguminous plants (e.g. peas, beans, lentils)."
pumpkin,pumpkin,A large rounded orange-fleshed fruit with a thick rind.
pure-bred,pure-bred,Referring to an animal that is the offspring of parents of the same breed.
pyar-sein,Pyar Sein,A local Myanmar cattle breed known for its adaptability and draft power.
pyi,Pyi,A traditional volume measurement (1/16 of a basket).
quarantine,quarantine,A period of isolation to prevent the spread of infectious disease.
quicklime,quicklime,"Calcium oxide, used to reduce soil acidity."
rabbit,rabbit,"A burrowing long-eared mammal, often raised for meat or fur."
rabies,rabies,"A contagious and fatal viral disease of dogs and other mammals, transmissible to humans through saliva."
radish,radish,"A small root vegetable with a pungent flavour, usually eaten raw in salads."
rainfall,rainfall,The amount of rain that falls in a specific area during a given period.
ram,ram,An uncastrated male sheep.
rambutan,Rambutan,A tropical tree that bears red fruit covered in soft spines.
rare-breed,rare breed,A breed of animal that is no longer common in commercial farming.
ration,ration,The daily allowance of food for an animal.
rearing,rearing,The process of raising young animals until they are fully grown.
recessive,recessive,"Referring to a gene that is only expressed when an individual has two copies of it, as opposed to a dominant gene."
reclamation,reclamation,The process of bringing waste land or land under water into a state where it can be used (e.g. for farming).
red-mite,Red mite,Tiny arachnids that suck sap and cause yellowing of leaves.
red-poll,Red Poll,"A dual-purpose breed of cattle, red and hornless."
refuse,refuse,Waste material or rubbish.
regurgitation,regurgitation,The process of bringing food back from the stomach into the mouth (e.g. in ruminants).
relative-humidity,relative humidity,"The amount of water vapour present in the air, expressed as a percentage of the amount needed for saturation at the same temperature."
relay-intercropping,Relay Intercropping,the growing of two or more annual crops simultaneously in the same field such that one crop is planted after the other has flowered
remote-sensing,remote sensing,The scanning of the earth by satellite or high-flying aircraft in order to obtain information about it.
renewable,renewable,Refers to a source of energy that is not depleted by use (e.g. wind or solar power).
rennet,rennet,"An extract from the stomach of young calves, used to curdle milk in cheesemaking."
repeat-breeder,repeat breeder,A female animal that fails to conceive after several matings or inseminations.
repellent,repellent,A substance that keeps pests away from crops or livestock.
reproduction,reproduction,The biological process by which new individual organisms are produced.
research,research,Systematic investigation into a subject in order to establish facts or reach new conclusions.
residual,residual,Remaining after the main part is gone or taken away.
resistance,resistance,"The ability of an organism to survive or withstand the effects of a disease, pest, or chemical."
restoration,restoration,The process of bringing something back to its former condition.
reticulum,reticulum,"The second compartment of the stomach of a ruminant, with a honeycomb-like lining."
rhizome,rhizome,A horizontal underground plant stem which can produce the shoot and root systems of a new plant.
rhode-island-red,Rhode Island Red,A popular dual-purpose breed of chicken with brownish-red feathers.
rhubarb,rhubarb,A plant with large leaves and edible reddish stalks.
rice,rice,A cereal plant which is the most important staple food in Asia.
rice-bean,Rice bean,A minor legume crop (Vigna umbellata).
rice-blast,Rice blast,One of the most serious diseases of rice globally (Magnaporthe oryzae).
rice-ear-head-bug,Rice ear head bug,"An insect that sucks the sap from developing rice grains, causing 'milky' grains (Leptocorisa oratoria)."
rice-hispa,Rice hispa,A spiny beetle that mines rice leaves (Dicladispa armigera).
rice-leaf-folder,Rice leaf folder,Caterpillars that fold rice leaves and feed inside (Cnaphalocrocis medinalis).
rice-stem-borer,Rice Stem Borer,"A detrimental pest larva that bores into stalks, leading to significant rice crop failure."
rice-thresher,Rice Thresher,A machine that detaches rice grains from their straw and husks following the harvest.
rice-tungro,Rice tungro,A viral disease complex in rice transmitted by green leafhoppers.
rickets,rickets,"A condition in young animals caused by a deficiency of vitamin D, calcium or phosphorus, resulting in soft and deformed bones."
ridger,ridger,An implement used to create ridges in the soil (e.g. for planting potatoes).
ringworm,ringworm,"A contagious fungal infection of the skin, characterized by ring-shaped patches."
ripe,ripe,Fully developed and ready for harvesting or eating.
roan,roan,An animal coat colour with mixed base and white hairs (e.g. red and white).
rodenticide,rodenticide,A chemical used to kill rodents (e.g. rats and mice).
rodents-rats,Rodents (Rats),Vertebrate pests that damage crops in fields and consume stored grains in villages.
roguing,roguing,The removal of plants which are diseased or not of the required variety from a crop.
rohu,Rohu,A carp species frequently found in both wild rivers and farmed ponds.
romney-marsh,Romney Marsh,"A hardy breed of sheep from Kent, which has a long heavy fleece."
rooster,rooster,A male domestic fowl (cock).
root-crop,root crop,"A crop which is grown for its edible underground parts (e.g. carrots, potatoes, sugar beet)."
root-stock,root-stock,The part of a plant (usually the root system) onto which another plant is grafted.
rotary-cultivator,rotary cultivator,A machine with rotating tines used to break up soil.
rotational-grazing,rotational grazing,A system where livestock are moved through a series of pastures according to a planned schedule.
roughage,roughage,Food which is high in fibre and low in energy (e.g. hay or straw).
roundworm,roundworm,A type of nematode worm which can be a parasite in animals.
row-intercropping,Row Intercropping,an intercropping where at least one crop is planted in rows
rubber,Rubber,"A tree crop tapped for latex, mainly in Mon and Kayin states."
rumen,rumen,"The first and largest of the four compartments of the stomach of a ruminant, where bacteria break down plant material."
ruminant,ruminant,An animal (e.g. cow or sheep) which has a four-compartment stomach and brings back food from its stomach to chew it again.
runner,runner,A horizontal stem that grows along the surface of the ground and can produce new plants (e.g. in strawberries).
rural-depopulation,rural depopulation,The movement of people away from the countryside into towns and cities.
rust,Rust,Fungal diseases that produce reddish-brown spores resembling rust.
rutting,rutting,The mating season of deer and other large mammals.
rye,rye,"A cereal plant used to make bread and whiskey, or as animal feed."
ryegrass,ryegrass,A fast-growing grass used for pasture and making hay/silage.
sahiwal,Sahiwal,"A breed of Zebu cattle, primarily used in dairy production."
salinity,salinity,The concentration of dissolved salts in water or soil.
salmonella,Salmonella,A type of bacteria that causes food poisoning in humans and diseases in animals.
salt,salt,"Sodium chloride, or any chemical compound formed by the reaction of an acid with a base."
salvinia,Salvinia,An invasive floating aquatic fern.
sample,sample,A small part or quantity intended to show what the whole is like.
sandstone,sandstone,A sedimentary rock consisting of sand or quartz grains cemented together.
sap,sap,The liquid that circulates through a plant's vascular system.
sapling,sapling,A young tree.
saprophyte,saprophyte,An organism (such as a fungus or bacterium) that lives on dead or decaying organic matter.
savoy,Savoy,A type of cabbage with crinkly dark green leaves.
scab,scab,"A fungal disease of plants which causes rough crusty patches on the surface, or a crust formed over a wound."
scarify,scarify,"To break up the surface of the soil, or to weaken the coat of a seed to encourage germination."
scion,scion,A shoot or bud from one plant that is grafted onto the rootstock of another.
scottish-blackface,Scottish Blackface,A hardy breed of hill sheep with a black or mottled face and long coarse wool.
scours,scours,"Diarrhoea in livestock, especially young animals."
scrapie,scrapie,A fatal degenerative disease of the nervous system of sheep and goats.
scrotum,scrotum,The pouch of skin containing the testes in male mammals.
scythe,scythe,"A hand tool for cutting grass or grain, with a long curved blade on a long wooden handle."
seabass,Seabass,"Seabass or Giant Sea perch. a versatile, lean white fish prized for its firm, meaty texture and mild, sweet flavor"
seaweed,seaweed,Algae growing in the sea or on rocks below the high-water mark.
secateurs,secateurs,A pair of pruning shears used with one hand.
secondary-cultivation,secondary cultivation,"The second stage of soil preparation, after primary cultivation (e.g. harrowing)."
sedges,Sedges,"a family of graminoid (grass-like), monocotyledonous flowering plants known as sedges (wikipedia)"
seedbed,seedbed,A patch of ground specifically prepared for the sowing of seeds.
seedling,seedling,A juvenile plant that has developed from a seed rather than a cutting.
selective-herbicides,Selective herbicides,chemical formulations designed to control or kill specific types of weeds or grasses without harming surrounding desirable plants or crops
semen,semen,"The fluid containing sperm, produced by male animals."
semi-aquatic-weeds,Semi-aquatic weeds,plants that thrive in waterlogged soils or shallow waters
semi-permeable-membrane,semi-permeable membrane,A membrane that allows certain molecules to pass through it by diffusion but not others.
senescence,senescence,The process of deterioration with age.
sensibility,sensibility,Capacity to feel
sepal,sepal,"One of the parts of the calyx of a flower, which encloses the petals."
septicaemia,septicaemia,"Blood poisoning, caused by bacteria or their toxins in the blood."
serum,serum,The clear liquid that can be separated from clotted blood.
service,service,The mating of a male animal with a female.
sesame,Sesame,"A plant cultivated for its seeds, which are rich in oil and protein."
set-aside,set aside,"The practice of leaving areas of farmland uncultivated, often to reduce surpluses or for conservation."
sewage-sludge,sewage sludge,The solid material that remains after sewage has been treated.
sexing,sexing,The process of determining the sex of young animals (e.g. chicks).
share,share,The cutting part of a plough (ploughshare).
shearing,shearing,The process of cutting the wool off a sheep.
sheath-blight,Sheath blight,A soil-borne fungal disease that affects rice leaf sheaths (Rhizoctonia solani).
sheath-rot,Sheath rot,A fungal disease that attacks the uppermost leaf sheath enfolding the young panicle.
sheep,Sheep,Animals raised predominantly for wool and meat in specific environmental zones.
sheep-scab,sheep scab,A contagious skin disease of sheep caused by mites.
shelter-belt,shelter-belt,A line of trees or bushes planted to provide protection from the wind.
shikakai,Shikakai,also called Soap Pod. a climbing shrub native to tropical Asia
shoot,shoot,A new growth from a plant.
shorthorn,Shorthorn,"A traditional breed of cattle, which can be for dairy or beef purposes."
shwe-ni,Shwe Ni,"A prominent local Myanmar cattle breed, often used for draft purposes."
sickle,Sickle,"A manual harvesting tool with a curved metal blade, commonly used for cutting rice stalks."
silage,silage,"Grass or other green fodder compacted and stored in airtight conditions without first being dried, used as animal feed in the winter."
silo,silo,"A structure for storing bulk materials, such as grain or silage."
silt,silt,"Fine sand, clay, or other material carried by running water and deposited as a sediment."
silver-carp,Silver Carp,A freshwater species frequently used in fish farming across Asia.
silviculture,silviculture,The growing and cultivation of trees.
simmental,Simmental,A versatile breed of cattle originally from Switzerland.
sindhi,Sindhi,Red Sindhi cattle are the most popular of all Zebu dairy breeds.
sire,sire,The male parent of an animal.
skimmed-milk,skimmed milk,Milk from which the cream has been removed.
slaked-lime,slaked lime,Another name for hydrated lime.
slash-and-burn,Slash-and-burn,An ancient form of shifting agriculture involving the clearing and burning of forest land for upland farming.
slaughter-house,slaughter-house,A place where animals are killed for food (abattoir).
slow-release-fertilizer,slow-release fertilizer,A fertilizer that releases its nutrients gradually over a period of time.
slug,slug,"A gastropod mollusc which looks like a snail without a shell, often a pest of garden plants and crops."
slurry,slurry,A fluid consistency of water mixed with animal excrement.
smut,smut,A fungal disease of cereals in which the grain is replaced by a mass of black spores.
snail,snail,A gastropod mollusc with a coiled shell.
snakehead-fish,Snakehead Fish,A predatory freshwater species valued for its texture and taste.
soil-analysis,soil analysis,The chemical and physical testing of soil samples to determine nutrient levels and other characteristics.
soil-erosion,soil erosion,The removal of the top layer of soil by water or wind.
soil-profile,soil profile,"A vertical section of the soil from the surface down to the parent rock, showing the different horizons."
soil-structure,Soil Structure,The arrangement of soil particles into aggregates.
sorghum,Sorghum,A cereal plant used for food and animal feed (Sorghum bicolor).
southdown,Southdown,"The smallest breed of Down sheep, known for high-quality meat."
sow,sow,"A female pig, or the act of planting seeds in the ground."
sowing,Sowing,The deliberate act of placing seeds in the ground for cultivation.
sowing-season,sowing season,The correct time of year for sowing a particular crop.
soya-bean,soya bean,A leguminous plant grown for its protein-rich seeds (soybean).
soybean,Soybean,A species of legume widely grown for its edible bean (Glycine max).
species,species,A group of living organisms consisting of similar individuals capable of exchanging genes or interbreeding.
sperm,sperm,The male reproductive cell.
sphagnum,sphagnum,A type of moss that grows in bogs and forms peat.
spikelet,spikelet,The basic unit of proof in the inflorescence of grasses and cereals.
spinach,spinach,A plant with large green leaves which are eaten as a vegetable.
spore,spore,"A minute reproductive unit capable of giving rise to a new individual without sexual fusion, characteristic of lower plants, fungi, and protozoans."
sprayer,sprayer,A machine used to apply chemicals (e.g. herbicides or pesticides) to crops in liquid form.
spring-wheat,spring wheat,Wheat that is sown in the spring and harvested the same year.
sprinkler,sprinkler,A device for spraying water over an area of land.
sprout,sprout,"To start to grow, or a new growth from a plant (e.g. Brussels sprout)."
staggers,staggers,A disease causing animals to lose control of their movements (e.g. grass staggers).
stalk,stalk,The main stem of a plant.
stallion,stallion,An uncastrated male horse.
stamen,stamen,"The male fertilizing organ of a flower, typically consisting of a pollen-containing anther and a filament."
starch,starch,"A complex carbohydrate found in many plants, especially cereals and potatoes."
steer,steer,"A castrated male bovine animal, especially one raised for beef."
stem-rot,Stem rot,A fungal disease causing the decay of plant stems at the soil line.
sterile,sterile,"Incapable of producing offspring, or free from bacteria."
stigma,stigma,The part of a pistil that receives the pollen during pollination.
stillbirth,stillbirth,The birth of an infant that has died in the womb.
stipule,stipule,"A small leaflike appendage to a leaf, typically borne in pairs at the base of the leaf stalk."
stocking-rate,stocking rate,The number of animals grazing on a unit area of land.
stolon,stolon,Another name for a runner.
stomata,stomata,Small pores on the surface of leaves through which gases are exchanged. Singular: stoma.
storage,storage,The action of storing something for future use.
straw,straw,The dried stalks of cereal plants after the grain has been removed.
strawberry,strawberry,A sweet red fruit with seeds on its surface.
strip-intercropping,Strip Intercropping,"the growing of two or more different crops are grown simultaneously in alternating, parallel strips in the same field. The strips are wide enough to be managed independently with standard farm machinery, but narrow enough for the adjacent crops to mutually benefit from each other"
stubble,stubble,The cut ends of cereal stalks left in the ground after harvesting.
sub-soil,sub-soil,The layer of soil immediately below the topsoil.
subsoiler,subsoiler,An implement used to break up hardpan in the subsoil.
succulent,succulent,"A plant with thick fleshy leaves or stems that store water, or referring to moist animal feed."
suckler-cow,suckler cow,A beef cow kept for the purpose of rearing its own calf and providing it with milk.
suffolk,Suffolk,A popular meat breed of sheep with a black face and legs.
sugar-beet,sugar-beet,"A variety of beet with a high sugar content, grown for the production of sugar."
sugar-cane,Sugar cane,Large tropical grass with thick stalks used for making sugar (Saccharum officinarum).
sugar-cane-2,sugar-cane,A tall tropical grass with thick stalks used for making sugar.
sugarcane,Sugarcane,A tall tropical grass harvested for sugar extraction or juice.
sulphate-of-ammonia,sulphate of ammonia,"Ammonium sulphate, a common source of nitrogen for plants."
summer-mastitis,summer mastitis,"A type of mastitis in cattle, often carried by flies during the summer."
sunflower,sunflower,A tall flowering plant harvested for its seeds and cooking oil.
superphosphate,superphosphate,A common phosphatic fertilizer made from phosphate rock and sulphuric acid.
supplementary-feeding,supplementary feeding,"The provision of extra food to animals, in addition to their regular diet (e.g. for ewes before lambing)."
surplus,surplus,An amount of something left over when requirements have been met.
sustainable-agriculture,sustainable agriculture,A system of farming which is intended to be productive over a long period without damaging the environment.
swath,swath,A row of cut grass or grain left on the ground (windrow).
swede,swede,"A root vegetable with a purple skin and yellow flesh, related to the turnip."
sweet-potato,sweet potato,A tropical starchy root vegetable.
swine-fever,swine fever,A highly contagious viral disease of pigs (hog cholera).
symbiosis,symbiosis,A relationship between two different organisms that live together and benefit from each other.
system-of-rice-intensification,System of Rice Intensification,A specialized management strategy designed to boost rice yields while minimizing external inputs.
systemic-herbicides,Systemic Herbicides,"chemical weedkillers absorbed into a plant's vascular system and transported throughout its entire structure, including the roots, tubers, and shoots"
systemic-insecticide,systemic insecticide,An insecticide which is absorbed by the plant and kills insects that feed on it.
tagging,tagging,The process of marking animals with tags for identification.
take-all,Take-all,"A serious fungal disease of cereals, especially wheat and barley, which attacks the roots."
taproot,taproot,"The main vertical root of a plant, from which lateral roots grow."
tea,Tea,"Primarily farmed in the highlands of Shan State, utilized for beverage preparation and pickled leaf snacks."
teat,teat,The nipple of a mammary gland.
temperate,temperate,Referring to a climate which is not extreme (neither very hot nor very cold).
tenant-farmer,tenant farmer,A farmer who rents land from a landowner.
tendril,tendril,"A slender thread-like appendage of a climbing plant, often growing in a spiral, which stretches out and twines round a support."
terminal,terminal,Situated at the end of a stem or branch.
testes,testes,The male reproductive organs that produce sperm. Singular: testis.
tetraploid,tetraploid,Referring to an organism whose cells have four sets of chromosomes.
thatch,thatch,"A roof covering made of straw, reeds, or similar material."
thinning,thinning,The removal of some plants from a group so that the remaining ones have more space to grow.
thistle,thistle,A common weed with prickly leaves and purple flowers.
threshing,threshing,The process of separating grain from the stalks and husks.
thrips,Thrips,Minute insects that puncture plants and suck up the contents.
tical,Tical,A traditional unit of weight (1/100 of a viss).
tilapia,Tilapia,A fast-growing freshwater fish variety popular in Myanmar aquaculture.
tillage,tillage,The physical preparation and cultivation of soil to receive crops.
tiller,tiller,A shoot growing from the base of the stem of a grass or cereal plant.
tilth,tilth,"The physical condition of soil as a result of tillage, which is suitable for sowing seeds."
tine,tine,A prong on a tool or implement (e.g. a harrow or a fork).
tissue-culture,tissue culture,A method of growing plants from very small pieces of plant tissue in a laboratory.
tobacco,Tobacco,"The prepared leaves of the tobacco plant, used for smoking, chewing, or snuff."
tobacco-caterpillar,Tobacco caterpillar,A polyphagous pest that attacks many crops (Spodoptera litura).
tomato,tomato,"A red or yellowish edible fruit, often used in salads and cooking."
tonne,Tonne,"A metric unit of weight (1,000 kilograms)."
top-dressing,top-dressing,The application of fertilizer to the surface of the soil while the crop is growing.
topsoil,topsoil,"The top layer of soil, which is usually darker and more fertile than the subsoil."
toxic,toxic,Poisonous.
trace-element,trace element,Another name for micronutrient.
tractor,tractor,A heavy-duty vehicle used on farms to tow equipment and perform intensive agricultural tasks.
tramline,tramline,One of a pair of permanent parallel paths left in a cereal crop to allow tractors to pass through without damaging the plants.
transpiration,transpiration,The process by which plants release water vapour through their stomata.
transplanting,transplanting,The horticultural practice of relocating young plants from a nursery to their final growing site.
trickle-irrigation,trickle irrigation,A system of irrigation which supplies water slowly and directly to the roots of plants through pipes and emitters.
triple-cropping,Triple cropping,The practice of growing three crops on the same land in a single year.
triple-super-phosphate,Triple super phosphate,A highly concentrated phosphorus fertilizer (TSP).
tuber,tuber,"A much thickened underground part of a stem or root, serving as a food reserve and bearing buds from which new plants arise (e.g. potato)."
tuberculosis,tuberculosis,"An infectious bacterial disease characterized by the growth of nodules (tubercles) in the tissues, especially the lungs. Abbr TB."
turf,turf,The top layer of soil with grass growing on it.
turkey,turkey,"A large bird mainly native to North America, raised for its meat (especially for Christmas or Thanksgiving)."
turnaround-time-or-turnaround-period,Turnaround Time (or Turnaround Period),the temporal gap between the harvest of one crop and the sowing/planting of the next on the same plot of land
turnip,turnip,"A root vegetable with a white skin and white flesh, often grown as animal feed."
twinning,twinning,The production of twins by a female animal (common in many breeds of sheep).
two-way-plough,two-way plough,Another name for a reversible plough.
udder,udder,"The mammary gland of female bovines and other ruminants, having two or more teats."
ultra-low-volume,ultra-low volume,"The application of chemicals in an extremely concentrated form, using very little liquid. Abbr ULV."
ultrasound-scanning,ultrasound scanning,The use of high-frequency sound waves to create an image of the internal parts of an animal (e.g. for checking pregnancy).
ungulate,ungulate,"A hoofed mammal (e.g. horse, cow, pig)."
unpalatable,unpalatable,Referring to food or feed that an animal or human finds unpleasant to eat.
upland,upland,High or hilly land.
uproot,uproot,To pull a plant out of the ground along with its roots.
urea,urea,"A high-nitrogen synthetic fertilizer also found naturally in urine, used widely to enhance crop growth."
urine,urine,"A watery fluid produced by the kidneys, containing waste products from the blood."
vaccination,vaccination,The administration of a vaccine to stimulate the immune system and provide protection against a disease.
vagina,vagina,The muscular tube leading from the uterus to the outside of the body in female mammals.
value-chain,Value chain,"The full range of activities which are required to bring a product or service from conception, through the different phases of production, delivery to final consumers, and final disposal after use."
variety,variety,A taxonomic category below species; a group of plants within a species that has distinct characteristics.
vascular-bundle,vascular bundle,A strand of conducting vessels (xylem and phloem) in the stem or leaf of a plant.
veal,veal,Meat from a calf.
vector,vector,An organism (e.g. an insect) that carries a pathogen from one host to another.
vegetative-propagation,vegetative propagation,"A form of asexual reproduction in plants, where new individuals are produced from parts of the parent plant (e.g. cuttings or runners)."
vein,vein,"A vessel that carries blood towards the heart, or one of the strands of vascular tissue in a leaf."
ventilation,ventilation,The provision of fresh air to a room or building.
vermin,vermin,"Wild animals or birds that are believed to be harmful to crops, livestock, or game."
vertebra,vertebra,One of the small bones that form the backbone. Plural: vertebrae.
vessel,vessel,"A tube or duct carrying fluid, or a container."
veterinary-surgeon,veterinary surgeon,A person qualified to treat diseased or injured animals (vet).
viability,viability,The ability to survive or live successfully (e.g. of a seed or embryo).
vintage,vintage,"The time that grapes are harvested, or the wine produced from a specific year's crop."
virus,virus,An infectious agent that is too small to be seen with a light microscope and can only replicate inside the living cells of a host.
viss,Viss,A traditional unit of weight (approx. 1.63 kg or 3.6 lbs).
vitamin,vitamin,An organic compound that is essential in small amounts for the proper functioning of the body.
vulva,vulva,The external female genital organs.
warble-fly,warble fly,"A fly whose larvae live under the skin of cattle, causing damage to the hide."
ware-potato,ware potato,"Potatoes grown for human consumption, rather than for use as seed potatoes."
water-buffalo,Water Buffalo,A large mammal used for draft work and producing milk or meat.
water-hyacinth,Water hyacinth,A free-floating perennial aquatic plant that can block waterways (Eichhornia crassipes).
water-lettuce,Water lettuce,A floating aquatic plant that often forms dense mats (Pistia stratiotes).
water-logged,water-logged,Referring to soil that is saturated with water so that all the air spaces are filled.
water-pump,Water Pump,A critical apparatus used to transfer water into fields from natural sources or wells for irrigation.
watermelon,watermelon,"A large fruit with smooth green skin, red pulp, and watery juice."
watertable,watertable,The level below which the ground is completely saturated with water.
wean,wean,To accustom a young animal to food other than its mother's milk.
weaner,weaner,A young animal which has recently been weaned.
weed,weed,A plant growing where it is not wanted and in competition with cultivated plants.
weevil,weevil,"A type of small beetle with a long snout, many species of which are pests of stored grain and crops."
weight-gain,weight gain,The amount of weight an animal adds over a specific period.
welsh-black,Welsh Black,"A hardy dual-purpose breed of cattle from Wales, which is black in colour."
wheat,Wheat,A cereal plant that is the most important grain for bread-making (Triticum aestivum).
whey,whey,The watery part of milk that remains after the formation of curds.
white-clover,white clover,"A leguminous plant with white flowers, very important for pasture."
whitefly,Whitefly,"Small, white-winged insects that suck sap and secrete honeydew."
whole-milk,whole milk,Milk from which no constituent (such as fat) has been removed.
wild-rice,Wild rice,Species of rice that grow as weeds in cultivated rice fields (Oryza rufipogon).
wildlife,wildlife,Wild animals and plants collectively.
wilt,Wilt,"A loss of rigidity in plants, often caused by vascular infections or lack of water."
windrow,windrow,Another name for a swath.
winter-wheat,winter wheat,Wheat that is sown in the autumn and harvested the following summer.
wireworm,wireworm,"The larva of the click beetle, which is a major pest as it feeds on the roots of many plants."
withers,withers,"The highest part of the back of a horse or cow, located between the shoulder blades."
wood-pigeon,wood-pigeon,A large pigeon which is a major pest of many crops.
wool,wool,"The fine, soft, curly hair that forms the coat of a sheep."
woolly-aphid,woolly aphid,"A type of aphid covered with a white cottony substance, which is a pest of apple trees."
wormer,wormer,A drug used to kill internal parasitic worms (anthelmintic).
xylem,xylem,The vascular tissue in plants that conducts water and dissolved nutrients upward from the root.
yam,yam,"A starchy tuber of a tropical climbing plant, used as a food staple."
yard,yard,"An enclosed area next to a building, or a unit of length (3 feet)."
yardlong-bean,Yardlong bean,"a legume cultivated for its edible green pods containing immature seeds, like the green bean."
yards,Yards,A unit of length (3 feet).
yearling,yearling,An animal that is one year old or in its second year.
yeast,yeast,A microscopic fungus capable of converting sugar into alcohol and carbon dioxide.
yellow-stem-borer,Yellow stem borer,"A major rice pest whose larvae bore into the stem, causing 'dead heart' or 'white head' (Scirpophaga incertulas)."
yield,yield,The total output of a crop or livestock product measured per unit.
yoghurt,yoghurt,A semi-solid food made from milk fermented with bacteria.
yorkshire-fog,Yorkshire fog,"A common perennial grass with soft hairy leaves, often considered a weed in productive pastures."
young-stock,young stock,"Young farm animals, especially cattle or sheep, before they reach maturity."
zay,Zay,A traditional volume measurement (1/4 of a pyi).
zebu,zebu,"A type of domestic cattle originally from India, characterized by a hump on the shoulders and a large dewlap."
zero-grazing,zero grazing,"A system of livestock production where grass is cut and brought to the animals in a yard, rather than allowing them to graze."
zinc,zinc,A metallic element that is an essential micronutrient for plants and animals.
zoology,zoology,The scientific study of animals.
zoonosis,zoonosis,A disease which can be transmitted from animals to humans (e.g. rabies or brucellosis).
zygote,zygote,A diploid cell resulting from the fusion of two haploid gametes; a fertilized ovum.
